userId,itemId,rating,timestamp
0,0,4.0,1139616000
1,0,5.0,1053129600
2,0,3.0,1301788800
3,0,5.0,1195430400
4,0,5.0,1014249600
5,0,5.0,1333065600
6,0,5.0,1198281600
0,1,5.0,1191801600
7,1,5.0,1233273600
1,1,5.0,1075507200
8,1,5.0,1318204800
9,1,5.0,1279584000
10,1,5.0,1390089600
11,1,5.0,1181001600
12,2,5.0,1244160000
13,2,5.0,1253664000
14,2,5.0,1266537600
15,2,5.0,1263340800
16,2,5.0,1254960000
17,2,5.0,1246147200
18,2,5.0,1357430400
19,2,5.0,1296172800
20,3,5.0,1384560000
21,3,5.0,1300665600
22,3,5.0,1123286400
23,3,4.0,1268524800
24,3,5.0,1393286400
2,4,3.0,1353369600
25,4,5.0,1233100800
26,4,4.0,1400371200
27,4,5.0,1263859200
15,4,5.0,1337299200
28,4,5.0,1228003200
1,5,4.0,1283990400
29,5,3.0,1337212800
2,5,4.0,1272412800
30,5,4.0,1282780800
31,5,3.0,1284595200
32,5,4.0,1283904000
33,5,4.0,1282780800
21,5,4.0,1287532800
34,5,5.0,1292371200
35,5,5.0,1382659200
36,5,5.0,1284336000
37,5,4.0,1282608000
38,5,5.0,1283299200
39,5,5.0,1282694400
40,5,4.0,1284595200
41,6,5.0,1231027200
42,6,5.0,1195862400
15,6,5.0,1253491200
43,6,5.0,1271808000
24,6,5.0,1210636800
44,7,5.0,1165449600
45,7,4.0,1377820800
42,7,5.0,1222128000
15,7,5.0,1232323200
43,7,5.0,1225843200
6,7,4.0,1198368000
46,7,5.0,1264377600
47,8,4.0,1372896000
48,8,4.0,1376438400
45,8,3.0,1372982400
49,8,4.0,1375401600
50,8,3.0,1372291200
51,8,4.0,1376524800
52,8,5.0,1376524800
53,8,4.0,1376179200
54,8,4.0,1373241600
10,8,2.0,1372032000
55,8,4.0,1372723200
46,8,4.0,1374105600
56,9,5.0,1294531200
57,9,4.0,1310342400
58,9,5.0,1322611200
59,9,5.0,1260316800
39,9,5.0,1261353600
60,9,5.0,1312848000
61,9,5.0,1156636800
62,10,5.0,1300233600
20,10,5.0,1298246400
63,10,4.0,1304640000
64,10,4.0,1299369600
65,10,4.0,1312588800
66,11,4.0,1361404800
21,11,5.0,1358985600
36,11,5.0,1365292800
67,11,4.0,1357948800
68,11,4.0,1358553600
0,12,5.0,1290038400
69,12,4.0,1282780800
1,12,4.0,1283990400
30,12,4.0,1283040000
70,12,3.0,1282953600
71,12,3.0,1283040000
72,12,1.0,1282694400
73,12,5.0,1377561600
34,12,4.0,1292284800
74,12,3.0,1284508800
38,12,5.0,1290816000
15,12,1.0,1239062400
51,12,3.0,1285632000
16,12,4.0,1283817600
75,13,4.0,1353888000
76,13,5.0,1351728000
58,13,5.0,1333324800
0,13,5.0,1288310400
30,13,5.0,1295308800
77,14,3.0,1227052800
21,14,3.0,1230076800
36,14,5.0,1214179200
16,14,4.0,1293494400
78,14,4.0,1197244800
79,14,4.0,1228176000
13,15,4.0,1313971200
14,15,5.0,1251590400
74,15,5.0,1327104000
80,15,5.0,1254873600
81,15,5.0,1244419200
82,15,4.0,1379289600
43,15,5.0,1342396800
83,16,5.0,1385769600
84,16,5.0,1383264000
85,16,5.0,1385251200
86,16,5.0,1382486400
87,16,5.0,1389830400
2,16,5.0,1383350400
30,16,5.0,1382572800
25,16,5.0,1384387200
70,16,4.0,1384041600
88,16,5.0,1383177600
89,16,4.0,1382486400
90,16,5.0,1383782400
20,16,5.0,1382745600
91,16,4.0,1380585600
92,16,5.0,1384387200
93,16,5.0,1382572800
21,16,5.0,1382832000
27,16,5.0,1382918400
94,16,5.0,1383264000
63,16,4.0,1385942400
95,16,5.0,1384646400
59,16,5.0,1385164800
37,16,5.0,1386115200
96,16,5.0,1382918400
97,16,5.0,1383955200
39,16,5.0,1384128000
98,16,5.0,1385856000
67,16,5.0,1383523200
16,16,5.0,1382572800
99,16,5.0,1385164800
100,16,5.0,1383350400
101,16,5.0,1382572800
102,16,5.0,1382832000
103,16,3.0,1385596800
46,16,5.0,1383264000
104,17,4.0,1353283200
91,17,3.0,1353283200
105,17,3.0,1365120000
92,17,4.0,1355875200
106,17,3.0,1352937600
107,17,4.0,1359158400
75,17,4.0,1351814400
108,17,4.0,1352332800
61,17,3.0,1355788800
10,17,3.0,1351555200
109,17,5.0,1353888000
18,17,5.0,1358640000
110,17,5.0,1355184000
1,18,4.0,1205798400
71,18,1.0,1205712000
111,18,5.0,1207612800
112,18,4.0,1205798400
65,18,4.0,1206835200
113,19,1.0,1378598400
114,19,3.0,1337817600
115,19,4.0,1394841600
34,19,5.0,1394496000
116,19,5.0,1233100800
13,20,5.0,1396224000
117,20,4.0,1396051200
114,20,4.0,1394409600
33,20,5.0,1395273600
115,20,5.0,1393113600
26,20,4.0,1395792000
49,20,4.0,1396483200
118,20,4.0,1395273600
119,20,4.0,1396569600
120,20,4.0,1395964800
116,20,4.0,1393286400
121,20,4.0,1396742400
122,20,3.0,1395273600
99,20,5.0,1397001600
123,20,5.0,1397606400
124,20,3.0,1394841600
125,20,5.0,1394668800
126,20,5.0,1397520000
46,20,4.0,1396828800
47,21,3.0,1365120000
84,21,5.0,1365465600
30,21,3.0,1364947200
127,21,3.0,1365033600
128,21,5.0,1289779200
36,21,5.0,1365292800
67,21,4.0,1365206400
47,22,4.0,1362096000
7,22,5.0,1369180800
87,22,4.0,1363737600
129,22,5.0,1363824000
130,22,5.0,1368576000
131,22,2.0,1363478400
132,22,3.0,1362182400
114,22,4.0,1362355200
21,22,5.0,1229731200
34,22,2.0,1365638400
60,22,4.0,1365120000
16,22,4.0,1363392000
61,22,5.0,1362182400
55,22,3.0,1363132800
83,23,4.0,1357344000
85,23,5.0,1357603200
92,23,4.0,1356912000
35,23,4.0,1357257600
37,23,4.0,1357689600
133,23,5.0,1357344000
68,23,2.0,1359676800
134,23,3.0,1357948800
124,23,5.0,1356912000
65,23,3.0,1364688000
49,24,4.0,1337040000
135,24,4.0,1337212800
93,24,2.0,1336953600
108,24,3.0,1337040000
23,24,4.0,1338595200
82,24,3.0,1337040000
136,24,4.0,1337040000
137,24,2.0,1336608000
126,24,4.0,1340150400
138,25,4.0,1247097600
139,25,5.0,1336176000
51,25,3.0,1261699200
109,25,2.0,1242086400
140,25,5.0,1270080000
29,26,5.0,1272844800
2,26,5.0,1281139200
141,26,5.0,1377475200
142,26,4.0,1266019200
143,26,5.0,1386460800
57,26,5.0,1324252800
144,26,5.0,1389312000
145,26,5.0,1378252800
89,27,5.0,1221609600
132,27,5.0,1267833600
28,27,4.0,1244678400
16,27,5.0,1265414400
146,27,4.0,1268697600
113,28,5.0,1308614400
25,28,5.0,1228521600
142,28,2.0,1247356800
147,28,5.0,1268092800
39,28,5.0,1241740800
125,28,4.0,1303344000
30,29,3.0,1330041600
70,29,5.0,1330732800
33,29,5.0,1330646400
58,29,4.0,1330905600
98,29,5.0,1340236800
12,30,3.0,1266451200
2,30,5.0,1305849600
148,30,5.0,1229212800
32,30,4.0,1295827200
76,30,5.0,1354579200
149,30,5.0,1361059200
5,30,4.0,1295136000
150,30,5.0,1281744000
13,31,5.0,1285632000
129,31,5.0,1295568000
151,31,5.0,1327968000
15,31,5.0,1302480000
23,31,3.0,1288137600
29,32,4.0,1303776000
85,32,5.0,1358467200
132,32,4.0,1351296000
92,32,5.0,1305763200
152,32,4.0,1303776000
143,32,5.0,1310428800
57,32,5.0,1310169600
153,32,5.0,1309996800
120,32,5.0,1307145600
58,32,5.0,1306886400
154,32,1.0,1310428800
116,32,4.0,1312416000
5,32,5.0,1314403200
79,32,4.0,1311206400
155,32,5.0,1320192000
156,33,5.0,1356739200
91,33,4.0,1365638400
152,33,5.0,1353974400
67,33,4.0,1354320000
157,33,5.0,1355702400
101,33,5.0,1358208000
56,34,4.0,1253232000
14,34,4.0,1246233600
52,34,5.0,1282262400
16,34,4.0,1204934400
150,34,4.0,1251936000
56,35,5.0,1324598400
45,35,4.0,1320451200
158,35,5.0,1244160000
16,35,5.0,1209340800
159,35,5.0,1390608000
10,35,5.0,1354752000
150,35,5.0,1346457600
69,36,5.0,1361318400
160,36,5.0,1361318400
30,36,3.0,1359417600
161,36,4.0,1365379200
32,36,4.0,1362355200
91,36,4.0,1359504000
92,36,5.0,1359590400
45,36,5.0,1359676800
162,36,5.0,1362268800
74,36,3.0,1321747200
147,36,5.0,1361750400
58,36,5.0,1361059200
133,36,5.0,1359849600
108,36,5.0,1360195200
97,36,5.0,1359763200
163,36,5.0,1363737600
164,36,5.0,1363564800
165,36,5.0,1361923200
5,36,5.0,1363478400
28,36,5.0,1254614400
68,36,4.0,1360454400
159,36,4.0,1365465600
122,36,5.0,1360108800
99,36,5.0,1361664000
109,36,5.0,1359417600
157,36,5.0,1361232000
166,36,5.0,1358985600
167,37,4.0,1361491200
168,37,5.0,1359331200
2,37,5.0,1359072000
161,37,4.0,1365379200
169,37,5.0,1290384000
170,37,5.0,1359936000
152,37,5.0,1360627200
171,37,5.0,1361318400
42,37,5.0,1359849600
36,37,5.0,1361318400
133,37,5.0,1359849600
64,37,5.0,1359417600
39,37,5.0,1359936000
15,37,4.0,1360800000
172,37,5.0,1360713600
28,37,3.0,1254614400
53,37,5.0,1361750400
173,37,5.0,1368230400
174,37,5.0,1359244800
126,37,4.0,1367625600
1,38,5.0,1321488000
175,38,5.0,1323129600
118,38,5.0,1321142400
94,38,4.0,1342915200
176,38,5.0,1321401600
177,39,4.0,1403308800
178,39,5.0,1404086400
94,39,3.0,1401494400
179,39,2.0,1402617600
108,39,5.0,1402099200
180,39,5.0,1402185600
5,39,4.0,1404259200
121,39,4.0,1401148800
181,40,3.0,1321488000
182,40,4.0,1313452800
62,40,4.0,1365206400
66,40,5.0,1352937600
172,40,4.0,1312243200
78,40,5.0,1312156800
183,40,5.0,1332288000
184,41,4.0,1379376000
132,41,4.0,1377907200
93,41,3.0,1376524800
185,41,4.0,1378080000
51,41,4.0,1379548800
68,41,3.0,1375747200
157,41,5.0,1376524800
140,41,3.0,1376006400
7,42,3.0,1279756800
62,42,3.0,1282089600
1,42,5.0,1281744000
129,42,2.0,1282348800
186,42,2.0,1279584000
151,42,4.0,1282003200
142,42,4.0,1279584000
138,42,3.0,1287100800
127,42,4.0,1281312000
135,42,4.0,1282003200
120,42,3.0,1281571200
35,42,4.0,1280448000
187,42,3.0,1279670400
23,42,1.0,1280102400
61,42,3.0,1280188800
11,42,4.0,1279670400
85,43,5.0,1262044800
188,43,4.0,1261872000
63,43,4.0,1262217600
68,43,4.0,1261699200
112,43,5.0,1264032000
123,43,4.0,1271116800
189,43,5.0,1261958400
7,44,3.0,1271808000
190,44,3.0,1276560000
1,44,2.0,1271894400
29,44,2.0,1271808000
129,44,3.0,1274745600
30,44,2.0,1271894400
72,44,5.0,1272067200
105,44,3.0,1274227200
138,44,3.0,1290470400
175,44,3.0,1273449600
77,44,3.0,1271721600
128,44,3.0,1276560000
120,44,3.0,1274572800
74,44,4.0,1274313600
36,44,4.0,1272844800
191,44,2.0,1272067200
79,44,4.0,1274227200
125,44,4.0,1274313600
103,44,3.0,1284940800
46,44,3.0,1272067200
71,45,3.0,1275523200
192,45,5.0,1274918400
171,45,2.0,1281139200
42,45,1.0,1275004800
3,45,1.0,1284249600
60,45,5.0,1278115200
145,45,3.0,1276732800
85,46,4.0,1358899200
86,46,4.0,1360022400
31,46,5.0,1358985600
25,46,5.0,1360800000
70,46,5.0,1358985600
66,46,5.0,1363996800
193,46,5.0,1365206400
194,46,4.0,1360800000
127,46,4.0,1358985600
119,46,5.0,1358985600
21,46,5.0,1358553600
95,46,5.0,1366761600
98,46,5.0,1360713600
121,46,4.0,1359676800
28,46,5.0,1359331200
195,46,4.0,1358985600
99,46,5.0,1360540800
196,46,5.0,1359331200
46,46,4.0,1358899200
181,47,4.0,1263600000
83,47,4.0,1261526400
30,47,4.0,1261612800
44,47,5.0,1266364800
105,47,5.0,1263945600
127,47,5.0,1262217600
63,47,4.0,1264550400
80,47,5.0,1266451200
172,47,5.0,1261440000
68,47,4.0,1261699200
6,47,4.0,1271548800
40,47,5.0,1264032000
176,47,4.0,1266278400
84,48,5.0,1268870400
90,48,4.0,1267142400
77,48,4.0,1266796800
197,48,5.0,1269216000
16,48,4.0,1266883200
78,48,5.0,1267920000
198,48,4.0,1266969600
189,48,5.0,1267056000
181,49,4.0,1263600000
7,49,5.0,1261180800
1,49,4.0,1261353600
113,49,4.0,1261785600
129,49,4.0,1262390400
161,49,4.0,1262131200
151,49,5.0,1263945600
77,49,4.0,1261353600
36,49,4.0,1263859200
146,49,4.0,1262649600
103,49,4.0,1269475200
7,50,4.0,1271894400
1,50,5.0,1267056000
129,50,4.0,1267833600
30,50,4.0,1266883200
151,50,4.0,1267056000
77,50,4.0,1265414400
120,50,3.0,1267401600
58,50,4.0,1267056000
23,50,4.0,1267056000
28,50,4.0,1268697600
146,50,4.0,1268697600
199,50,4.0,1270080000
125,50,5.0,1267056000
46,50,4.0,1267315200
12,51,4.0,1275782400
167,51,5.0,1277683200
30,51,5.0,1275782400
92,51,5.0,1275696000
127,51,4.0,1276646400
135,51,5.0,1276732800
200,51,5.0,1282176000
3,51,4.0,1284249600
180,51,5.0,1282003200
201,51,5.0,1275350400
124,51,5.0,1360886400
202,51,5.0,1276300800
1,52,5.0,1328140800
8,52,5.0,1283299200
44,52,5.0,1289779200
143,52,4.0,1287014400
58,52,4.0,1283212800
203,52,5.0,1286323200
36,52,5.0,1292112000
36,53,5.0,1221609600
116,53,5.0,1219708800
204,53,5.0,1221609600
6,53,5.0,1220400000
202,53,5.0,1219795200
184,54,5.0,1274313600
31,54,5.0,1274313600
20,54,5.0,1271808000
194,54,5.0,1271894400
39,54,5.0,1273708800
84,55,5.0,1276300800
171,55,5.0,1286236800
80,55,5.0,1274918400
205,55,5.0,1278633600
183,55,5.0,1276992000
25,56,5.0,1330819200
151,56,5.0,1329868800
33,56,5.0,1334620800
80,56,5.0,1332115200
133,56,5.0,1330560000
172,56,5.0,1331596800
206,56,5.0,1331683200
207,56,5.0,1331683200
13,57,4.0,1282003200
208,57,4.0,1295827200
51,57,3.0,1296000000
159,57,3.0,1296000000
202,57,4.0,1296086400
44,58,5.0,1219622400
139,58,5.0,1224028800
128,58,3.0,1219968000
209,58,4.0,1229990400
110,58,4.0,1221436800
1,59,5.0,1225152000
51,59,5.0,1224720000
67,59,4.0,1222905600
10,59,5.0,1237507200
112,59,4.0,1224028800
6,59,4.0,1222214400
0,60,1.0,1227571200
210,60,3.0,1231027200
30,60,5.0,1228089600
70,60,3.0,1228089600
185,60,4.0,1228003200
171,60,5.0,1228953600
80,60,4.0,1229558400
111,60,4.0,1228867200
116,60,5.0,1228089600
211,60,5.0,1229472000
61,60,3.0,1228608000
112,60,4.0,1232236800
6,60,5.0,1231286400
40,60,4.0,1229904000
65,60,4.0,1231632000
202,60,4.0,1230508800
212,60,4.0,1228348800
126,60,4.0,1234828800
110,60,5.0,1228608000
31,61,5.0,1241049600
8,61,5.0,1320192000
34,61,5.0,1321920000
209,61,2.0,1285459200
134,61,3.0,1345420800
84,62,5.0,1274227200
213,62,4.0,1272585600
119,62,4.0,1271980800
120,62,4.0,1274227200
15,62,4.0,1271980800
159,62,2.0,1274572800
7,63,4.0,1267488000
190,63,4.0,1261353600
29,63,2.0,1261785600
113,63,3.0,1261785600
107,63,5.0,1261612800
128,63,5.0,1261958400
185,63,5.0,1264032000
95,63,5.0,1263168000
172,63,5.0,1261440000
191,63,4.0,1261699200
183,63,4.0,1261699200
184,64,3.0,1266364800
31,64,3.0,1261440000
175,64,1.0,1261440000
50,64,4.0,1261440000
74,64,3.0,1263945600
112,64,3.0,1264032000
212,64,3.0,1261526400
46,64,1.0,1261612800
184,65,4.0,1274313600
214,65,3.0,1271894400
28,65,4.0,1272412800
82,65,4.0,1274140800
159,65,3.0,1273104000
109,65,4.0,1272844800
32,66,4.0,1280361600
193,66,4.0,1280448000
162,66,4.0,1281571200
39,66,5.0,1282348800
215,66,3.0,1280707200
30,67,5.0,1280448000
194,67,5.0,1280275200
92,67,5.0,1281484800
35,67,5.0,1280448000
16,67,4.0,1280707200
206,67,5.0,1280448000
216,67,4.0,1280016000
29,68,1.0,1253664000
113,68,5.0,1253491200
138,68,3.0,1254355200
81,68,3.0,1259798400
38,68,3.0,1253664000
116,68,5.0,1253145600
16,68,5.0,1253836800
61,68,3.0,1254009600
78,68,5.0,1253750400
125,68,5.0,1253577600
12,69,4.0,1265760000
168,69,4.0,1260921600
13,69,4.0,1265241600
161,69,5.0,1260316800
151,69,5.0,1259107200
105,69,4.0,1266451200
142,69,4.0,1261440000
188,69,4.0,1259366400
74,69,4.0,1261008000
38,69,4.0,1259280000
23,69,4.0,1259539200
174,69,5.0,1259366400
135,70,4.0,1253750400
94,70,3.0,1253664000
217,70,5.0,1254700800
78,70,4.0,1255392000
6,70,4.0,1256342400
110,70,5.0,1255219200
13,71,3.0,1349481600
2,71,4.0,1349136000
129,71,5.0,1351814400
138,71,4.0,1363651200
218,71,4.0,1358208000
196,71,4.0,1350432000
219,71,3.0,1349136000
182,72,4.0,1300838400
220,72,4.0,1269475200
71,72,4.0,1269561600
141,72,4.0,1269648000
57,72,4.0,1341360000
185,72,4.0,1271376000
5,72,4.0,1271289600
28,72,4.0,1269129600
40,72,4.0,1274659200
221,72,5.0,1277337600
125,72,3.0,1271203200
85,73,5.0,1320451200
25,73,5.0,1330300800
71,73,3.0,1323216000
188,73,4.0,1320278400
162,73,4.0,1321747200
175,73,5.0,1355184000
222,73,5.0,1325462400
64,73,5.0,1320451200
17,73,5.0,1320105600
205,73,5.0,1329177600
24,73,5.0,1321488000
1,74,5.0,1355875200
73,74,5.0,1353542400
94,74,5.0,1354838400
96,74,4.0,1353974400
39,74,5.0,1360454400
98,74,5.0,1354233600
215,74,5.0,1356998400
13,75,5.0,1365292800
105,75,5.0,1355270400
57,75,5.0,1320364800
75,75,4.0,1376006400
52,75,4.0,1368921600
68,75,4.0,1364515200
178,76,5.0,1268352000
138,76,4.0,1289260800
36,76,5.0,1266451200
163,76,5.0,1259193600
158,76,4.0,1280275200
68,76,5.0,1259366400
219,76,2.0,1259193600
46,76,3.0,1259625600
72,77,4.0,1261094400
151,77,5.0,1259107200
138,77,4.0,1274054400
175,77,3.0,1258675200
163,77,5.0,1259107200
191,77,5.0,1261699200
40,77,3.0,1266451200
46,77,4.0,1259798400
181,78,3.0,1263600000
21,78,4.0,1259020800
36,78,5.0,1260921600
16,78,4.0,1259107200
204,78,4.0,1260662400
69,79,4.0,1388880000
113,79,3.0,1388620800
87,79,5.0,1389830400
20,79,5.0,1387152000
178,79,5.0,1389225600
91,79,3.0,1388188800
73,79,4.0,1389830400
53,79,5.0,1390348800
175,80,5.0,1340150400
107,80,4.0,1338595200
118,80,4.0,1339545600
214,80,5.0,1338595200
204,80,5.0,1339804800
68,80,4.0,1343692800
223,80,4.0,1348704000
0,81,4.0,1400025600
213,81,5.0,1403136000
224,81,4.0,1399852800
147,81,5.0,1400716800
39,81,5.0,1399507200
9,81,5.0,1400889600
82,81,4.0,1399939200
79,81,5.0,1403136000
225,81,5.0,1403136000
181,82,5.0,1263600000
192,82,5.0,1259020800
3,82,4.0,1271462400
28,82,4.0,1259452800
16,82,4.0,1259107200
226,82,4.0,1259366400
178,83,5.0,1355875200
114,83,5.0,1335916800
58,83,5.0,1336348800
116,83,5.0,1342310400
217,83,5.0,1365120000
34,84,4.0,1295827200
80,84,4.0,1296086400
5,84,5.0,1297900800
16,84,4.0,1296000000
125,84,4.0,1296000000
47,85,4.0,1382572800
190,85,4.0,1386288000
1,85,4.0,1387065600
41,85,3.0,1383782400
129,85,3.0,1389830400
30,85,4.0,1383177600
56,85,4.0,1387152000
70,85,5.0,1385424000
88,85,5.0,1383264000
169,85,4.0,1384732800
33,85,5.0,1382832000
142,85,4.0,1383264000
188,85,3.0,1385856000
227,85,4.0,1382486400
152,85,5.0,1383696000
228,85,4.0,1385596800
162,85,4.0,1384214400
143,85,5.0,1383436800
175,85,4.0,1383696000
135,85,5.0,1384905600
222,85,4.0,1385337600
75,85,5.0,1382745600
197,85,3.0,1384473600
229,85,5.0,1385424000
164,85,5.0,1384992000
116,85,4.0,1384300800
82,85,4.0,1384905600
159,85,4.0,1387324800
195,85,4.0,1383782400
61,85,4.0,1384732800
191,85,4.0,1384300800
109,85,5.0,1386028800
123,85,5.0,1384992000
134,85,4.0,1382659200
221,85,5.0,1385856000
126,85,4.0,1384992000
19,85,4.0,1382572800
219,85,4.0,1383696000
46,85,4.0,1385769600
41,86,4.0,1402012800
30,86,4.0,1398729600
25,86,5.0,1404864000
88,86,4.0,1405036800
72,86,5.0,1398038400
170,86,5.0,1401840000
37,86,4.0,1401840000
15,86,4.0,1402099200
163,86,3.0,1403568000
211,86,4.0,1401062400
145,86,4.0,1399161600
100,86,4.0,1404950400
79,86,4.0,1403136000
19,86,4.0,1401148800
207,86,5.0,1398211200
47,87,4.0,1280880000
167,87,5.0,1279670400
175,87,4.0,1279584000
39,87,4.0,1282348800
98,87,2.0,1279670400
122,87,4.0,1281398400
6,87,4.0,1285027200
123,87,5.0,1281744000
215,87,3.0,1280707200
13,88,4.0,1271894400
88,88,5.0,1276819200
66,88,5.0,1278028800
39,88,5.0,1272240000
204,88,5.0,1274832000
44,89,5.0,1271808000
230,89,5.0,1273708800
37,89,5.0,1271808000
99,89,5.0,1274227200
183,89,5.0,1271808000
48,90,4.0,1284940800
92,90,5.0,1285286400
171,90,5.0,1284768000
198,90,5.0,1287014400
110,90,5.0,1283731200
46,90,1.0,1283558400
231,91,5.0,1376438400
106,91,4.0,1376524800
74,91,5.0,1376524800
116,91,5.0,1375056000
24,91,5.0,1372204800
104,92,5.0,1297814400
1,92,5.0,1328140800
131,92,3.0,1296000000
49,92,5.0,1296604800
77,92,4.0,1297036800
105,93,2.0,1276732800
128,93,5.0,1274313600
58,93,4.0,1271721600
111,93,5.0,1271808000
144,93,3.0,1272758400
232,93,3.0,1272153600
190,94,4.0,1270771200
69,94,4.0,1269475200
131,94,4.0,1269907200
139,94,4.0,1269475200
65,94,4.0,1270944000
2,95,1.0,1269907200
114,95,4.0,1269043200
92,95,4.0,1270771200
45,95,3.0,1269734400
95,95,5.0,1269820800
211,95,5.0,1279324800
199,95,5.0,1270080000
99,95,5.0,1271116800
232,95,3.0,1269475200
1,96,5.0,1402704000
114,96,5.0,1398556800
118,96,5.0,1399334400
4,96,4.0,1398470400
16,96,5.0,1401494400
196,96,5.0,1400803200
109,96,5.0,1398988800
1,97,5.0,1402790400
213,97,5.0,1403049600
231,97,5.0,1403049600
209,97,5.0,1338595200
180,97,5.0,1401580800
116,97,5.0,1402358400
16,97,5.0,1399248000
218,97,5.0,1400889600
191,97,5.0,1400457600
202,97,5.0,1401235200
19,97,4.0,1338336000
225,97,4.0,1403136000
167,98,3.0,1284508800
29,98,4.0,1316563200
30,98,4.0,1282521600
56,98,3.0,1284508800
131,98,3.0,1338163200
151,98,5.0,1285200000
152,98,5.0,1283385600
58,98,3.0,1282780800
209,98,4.0,1299974400
3,98,4.0,1301443200
112,98,4.0,1339372800
155,98,5.0,1286928000
46,98,4.0,1283212800
182,99,5.0,1338768000
1,99,5.0,1342569600
8,99,5.0,1340928000
108,99,5.0,1340064000
123,99,5.0,1339977600
24,99,5.0,1337817600
84,100,5.0,1343952000
170,100,4.0,1338768000
175,100,5.0,1340150400
229,100,4.0,1341360000
98,100,5.0,1340236800
99,100,5.0,1340064000
155,100,5.0,1341792000
184,101,5.0,1345680000
86,101,5.0,1345507200
31,101,5.0,1348790400
14,101,5.0,1345507200
222,101,5.0,1348099200
35,101,5.0,1346112000
187,101,4.0,1345680000
15,101,4.0,1345593600
68,101,5.0,1345680000
18,101,5.0,1345507200
134,101,3.0,1345507200
69,102,5.0,1292457600
113,102,4.0,1293494400
169,102,5.0,1290556800
51,102,5.0,1294099200
19,102,4.0,1290902400
47,103,4.0,1363651200
156,103,5.0,1362873600
3,103,4.0,1363737600
172,103,3.0,1365984000
5,103,5.0,1365120000
68,103,5.0,1362960000
196,103,4.0,1367539200
19,103,4.0,1362614400
85,104,4.0,1376265600
233,104,4.0,1375833600
34,104,5.0,1377475200
3,104,4.0,1379548800
53,104,4.0,1379289600
13,105,4.0,1317340800
127,105,5.0,1324339200
42,105,5.0,1324771200
11,105,5.0,1324425600
125,105,5.0,1326844800
83,106,4.0,1283385600
182,106,4.0,1284336000
190,106,4.0,1285113600
156,106,4.0,1284249600
70,106,5.0,1306972800
88,106,5.0,1285459200
154,106,4.0,1326067200
111,106,4.0,1284595200
3,106,4.0,1291680000
16,106,3.0,1287532800
68,106,4.0,1284508800
234,106,5.0,1284422400
109,106,5.0,1291075200
189,106,3.0,1295395200
223,106,3.0,1285286400
216,106,5.0,1283817600
2,107,4.0,1350086400
49,107,4.0,1337040000
9,107,3.0,1337040000
218,107,4.0,1337731200
155,107,4.0,1335916800
87,108,5.0,1342656000
94,108,5.0,1346112000
39,108,5.0,1341619200
211,108,4.0,1342656000
98,108,4.0,1343174400
101,108,5.0,1340668800
190,109,4.0,1289779200
29,109,4.0,1290038400
160,109,4.0,1321488000
41,109,4.0,1333670400
8,109,5.0,1290988800
141,109,5.0,1290470400
192,109,5.0,1320105600
26,109,5.0,1320451200
143,109,4.0,1291593600
127,109,5.0,1292457600
235,109,4.0,1319760000
107,109,5.0,1320105600
57,109,5.0,1317081600
185,109,5.0,1291075200
222,109,4.0,1319500800
94,109,5.0,1289865600
59,109,4.0,1289952000
187,109,4.0,1320192000
144,109,4.0,1290643200
109,109,4.0,1288915200
65,109,5.0,1298246400
150,109,4.0,1300233600
103,109,4.0,1298332800
126,109,3.0,1321401600
215,109,4.0,1290902400
94,110,5.0,1305590400
209,110,5.0,1303776000
174,110,4.0,1305158400
202,110,3.0,1303689600
125,110,5.0,1304208000
184,111,5.0,1361145600
156,111,5.0,1365292800
85,111,5.0,1359072000
86,111,4.0,1365292800
30,111,4.0,1360022400
25,111,5.0,1361923200
70,111,4.0,1358985600
91,111,4.0,1361491200
66,111,5.0,1362009600
193,111,5.0,1365206400
21,111,5.0,1358553600
94,111,4.0,1360368000
209,111,5.0,1362009600
98,111,5.0,1361318400
28,111,4.0,1366156800
204,111,4.0,1363824000
43,111,5.0,1359417600
99,111,5.0,1360540800
219,111,5.0,1359072000
166,111,4.0,1358899200
46,111,4.0,1358899200
131,112,5.0,1385769600
80,112,5.0,1387411200
154,112,3.0,1385942400
3,112,2.0,1387324800
145,112,3.0,1383523200
234,112,4.0,1385337600
83,113,5.0,1297468800
168,113,4.0,1305763200
213,113,3.0,1348444800
72,113,4.0,1300233600
143,113,4.0,1295222400
61,113,3.0,1293840000
160,114,4.0,1400025600
41,114,4.0,1396310400
30,114,5.0,1396828800
117,114,4.0,1398211200
178,114,4.0,1398729600
44,114,5.0,1400025600
115,114,5.0,1396051200
208,114,4.0,1397779200
93,114,4.0,1399248000
118,114,5.0,1396828800
36,114,5.0,1400025600
116,114,5.0,1400112000
82,114,4.0,1397606400
159,114,5.0,1399766400
53,114,4.0,1400112000
195,114,5.0,1396396800
236,114,5.0,1400112000
123,114,5.0,1398211200
183,114,5.0,1400112000
212,114,5.0,1398124800
103,114,4.0,1400025600
225,114,5.0,1400112000
207,114,5.0,1395792000
44,115,5.0,1303084800
185,115,5.0,1291680000
22,115,5.0,1291420800
40,115,5.0,1294876800
219,115,2.0,1326672000
13,116,5.0,1316995200
2,116,5.0,1297900800
56,116,5.0,1320192000
114,116,5.0,1291507200
43,116,5.0,1261353600
231,117,4.0,1297641600
117,117,4.0,1297468800
25,117,5.0,1301529600
57,117,5.0,1306886400
116,117,4.0,1297900800
54,117,5.0,1296432000
195,117,5.0,1296000000
109,117,4.0,1304640000
124,117,5.0,1296432000
126,117,4.0,1297900800
210,118,5.0,1297728000
30,118,5.0,1297123200
131,118,4.0,1302998400
128,118,4.0,1316908800
58,118,4.0,1297036800
214,118,4.0,1299974400
172,118,5.0,1321833600
68,118,5.0,1314144000
53,118,5.0,1323820800
221,118,5.0,1297814400
167,119,4.0,1296691200
25,119,5.0,1297814400
56,119,2.0,1297123200
88,119,5.0,1298419200
80,119,3.0,1297641600
154,119,3.0,1310515200
39,119,4.0,1297555200
172,119,5.0,1297036800
109,119,5.0,1298419200
231,120,4.0,1297641600
235,120,4.0,1313539200
128,120,5.0,1297728000
53,120,5.0,1316044800
124,120,5.0,1296432000
126,120,4.0,1297900800
210,121,5.0,1297728000
231,121,4.0,1297641600
30,121,5.0,1297123200
117,121,4.0,1297468800
25,121,5.0,1297814400
56,121,4.0,1296864000
88,121,5.0,1298678400
58,121,2.0,1297036800
80,121,4.0,1297641600
154,121,2.0,1312156800
39,121,5.0,1297555200
214,121,4.0,1299974400
172,121,5.0,1297900800
116,121,5.0,1297900800
53,121,5.0,1323820800
54,121,3.0,1322352000
195,121,5.0,1296000000
109,121,5.0,1298937600
221,121,5.0,1297814400
124,121,5.0,1301097600
126,121,4.0,1297900800
177,122,4.0,1305676800
13,122,3.0,1300233600
194,122,4.0,1298851200
142,122,4.0,1298937600
179,122,2.0,1300320000
60,122,4.0,1310428800
195,122,4.0,1300320000
210,123,5.0,1325548800
85,123,5.0,1316304000
25,123,5.0,1315958400
74,123,4.0,1316044800
158,123,5.0,1316649600
141,124,4.0,1311811200
131,124,5.0,1312243200
44,124,5.0,1334534400
194,124,4.0,1312070400
93,124,3.0,1313625600
36,124,5.0,1326758400
81,124,4.0,1315872000
39,124,4.0,1313020800
99,124,4.0,1313452800
47,125,5.0,1330041600
237,125,5.0,1330905600
108,125,5.0,1329868800
136,125,5.0,1330387200
24,125,5.0,1330041600
102,125,4.0,1330992000
226,125,4.0,1330819200
190,126,5.0,1333929600
29,126,5.0,1358985600
59,126,5.0,1324944000
121,126,5.0,1326844800
191,126,5.0,1325116800
182,127,5.0,1320883200
156,127,5.0,1320537600
66,127,3.0,1329350400
172,127,4.0,1323734400
116,127,5.0,1331769600
82,127,5.0,1321142400
53,127,5.0,1361750400
205,127,4.0,1324339200
30,128,5.0,1373587200
20,128,5.0,1373846400
141,128,5.0,1374710400
238,128,5.0,1373587200
43,128,5.0,1373846400
41,129,5.0,1340928000
131,129,5.0,1341100800
44,129,5.0,1342051200
135,129,5.0,1342396800
229,129,4.0,1341360000
28,129,4.0,1341705600
134,129,5.0,1340409600
226,129,5.0,1342483200
13,130,4.0,1304985600
131,130,4.0,1304640000
64,130,3.0,1304985600
9,130,5.0,1304121600
219,130,4.0,1304467200
208,131,3.0,1309824000
228,131,3.0,1335830400
60,131,5.0,1316131200
82,131,4.0,1308355200
199,131,5.0,1313280000
125,131,5.0,1311120000
182,132,4.0,1321228800
88,132,5.0,1328313600
44,132,4.0,1331596800
144,132,5.0,1324771200
145,132,5.0,1319068800
55,132,4.0,1321142400
207,132,5.0,1323907200
31,133,3.0,1308614400
224,133,5.0,1308700800
36,133,5.0,1308528000
96,133,4.0,1309046400
61,133,3.0,1309132800
177,134,5.0,1393545600
160,134,5.0,1397260800
220,134,4.0,1394150400
114,134,5.0,1397433600
33,134,5.0,1395273600
92,134,3.0,1395532800
138,134,4.0,1397520000
239,134,5.0,1393977600
116,134,5.0,1396915200
17,134,5.0,1395273600
195,134,5.0,1394064000
218,134,4.0,1397520000
109,134,5.0,1394668800
155,134,4.0,1394496000
19,134,4.0,1393632000
220,135,3.0,1393891200
33,135,4.0,1395273600
142,135,4.0,1395878400
127,135,5.0,1394409600
116,135,5.0,1396915200
195,135,4.0,1393804800
78,135,5.0,1394582400
62,136,5.0,1367366400
113,136,5.0,1338681600
87,136,5.0,1337817600
2,136,3.0,1350172800
129,136,5.0,1335398400
161,136,3.0,1354147200
49,136,5.0,1337040000
163,136,5.0,1337126400
48,137,4.0,1373932800
233,137,5.0,1369785600
4,137,5.0,1369872000
172,137,5.0,1371427200
82,137,4.0,1371513600
217,137,5.0,1371686400
176,137,5.0,1372464000
130,138,5.0,1324425600
22,138,5.0,1319846400
82,138,4.0,1321228800
134,138,4.0,1319760000
102,138,4.0,1320105600
103,138,4.0,1322092800
182,139,4.0,1332979200
87,139,4.0,1334707200
186,139,5.0,1332547200
58,139,4.0,1336348800
82,139,4.0,1334620800
53,139,5.0,1332374400
136,139,4.0,1332979200
101,139,5.0,1334620800
181,140,3.0,1316649600
182,140,2.0,1315267200
164,140,2.0,1321488000
157,140,4.0,1315785600
137,140,3.0,1315612800
140,140,5.0,1315353600
41,141,4.0,1352592000
193,141,5.0,1335225600
194,141,5.0,1330214400
208,141,4.0,1331510400
59,141,5.0,1334793600
1,142,5.0,1327449600
186,142,5.0,1319673600
127,142,5.0,1319587200
197,142,5.0,1323129600
64,142,5.0,1322352000
172,142,5.0,1319673600
84,143,5.0,1319760000
8,143,4.0,1322784000
34,143,5.0,1321660800
102,143,5.0,1319932800
46,143,5.0,1319587200
162,144,5.0,1324598400
59,144,5.0,1322179200
15,144,4.0,1327190400
199,144,5.0,1322524800
206,144,4.0,1321920000
123,144,4.0,1323820800
194,145,4.0,1314057600
120,145,3.0,1314403200
195,145,4.0,1314230400
65,145,5.0,1344902400
166,145,4.0,1314057600
31,146,5.0,1314230400
44,146,5.0,1314057600
107,146,1.0,1389484800
185,146,5.0,1316044800
172,146,5.0,1314057600
55,146,5.0,1314144000
166,146,4.0,1314057600
83,147,4.0,1352678400
84,147,5.0,1352419200
69,147,5.0,1363824000
214,147,5.0,1357257600
101,147,5.0,1355616000
62,148,3.0,1332547200
29,148,3.0,1324512000
106,148,4.0,1325289600
235,148,3.0,1324425600
57,148,5.0,1374192000
222,148,3.0,1331596800
111,148,4.0,1324512000
17,148,4.0,1324080000
43,148,2.0,1329350400
78,148,4.0,1326844800
109,148,1.0,1324598400
13,149,5.0,1330646400
114,149,5.0,1337299200
127,149,5.0,1329955200
209,149,5.0,1330732800
11,149,5.0,1329868800
1,150,5.0,1352592000
129,150,5.0,1341792000
152,150,4.0,1341878400
203,150,5.0,1341792000
179,150,5.0,1342224000
197,150,5.0,1340841600
51,150,3.0,1344988800
98,150,5.0,1342224000
10,150,4.0,1340668800
123,150,3.0,1343174400
18,150,5.0,1340755200
166,150,4.0,1341187200
200,151,4.0,1362614400
51,151,4.0,1366416000
60,151,5.0,1365465600
98,151,3.0,1365811200
82,151,4.0,1366156800
17,151,4.0,1362528000
157,151,5.0,1363737600
151,152,4.0,1317254400
45,152,4.0,1317427200
147,152,4.0,1329350400
58,152,2.0,1317168000
98,152,4.0,1318636800
99,152,5.0,1318896000
65,152,3.0,1356307200
202,152,4.0,1317340800
166,152,3.0,1316995200
210,153,5.0,1322352000
8,153,5.0,1317600000
114,153,5.0,1316995200
164,153,5.0,1321488000
68,153,5.0,1325548800
210,154,4.0,1367107200
117,154,3.0,1367366400
33,154,5.0,1366761600
118,154,5.0,1366502400
15,154,4.0,1367798400
0,155,5.0,1346457600
210,155,5.0,1337558400
1,155,5.0,1323907200
33,155,4.0,1323907200
227,155,5.0,1322524800
127,155,5.0,1326844800
50,155,5.0,1321920000
116,155,5.0,1331769600
174,155,5.0,1354492800
219,155,2.0,1354665600
167,156,5.0,1317340800
138,156,3.0,1336521600
14,156,4.0,1316995200
223,156,5.0,1317340800
124,156,4.0,1319068800
216,156,5.0,1317254400
104,157,5.0,1318291200
156,157,5.0,1318723200
129,157,5.0,1317168000
21,157,5.0,1317168000
145,157,4.0,1319068800
218,157,2.0,1317513600
155,157,4.0,1317168000
167,158,5.0,1323216000
86,158,4.0,1320883200
228,158,4.0,1326499200
14,158,5.0,1319587200
165,158,5.0,1319587200
167,159,4.0,1323216000
129,159,5.0,1321488000
14,159,4.0,1319587200
173,159,4.0,1321747200
198,159,3.0,1326240000
40,159,5.0,1325462400
125,159,5.0,1319500800
110,159,5.0,1321747200
216,159,2.0,1320105600
47,160,3.0,1367193600
186,160,3.0,1368662400
236,160,5.0,1369699200
157,160,5.0,1368576000
207,160,5.0,1368576000
62,161,5.0,1367971200
14,161,5.0,1350950400
42,161,5.0,1351123200
239,161,4.0,1351036800
39,161,5.0,1360713600
214,161,5.0,1352073600
82,161,5.0,1351036800
201,161,5.0,1361404800
112,161,5.0,1356048000
134,161,5.0,1351036800
125,161,5.0,1351382400
106,162,5.0,1340323200
235,162,4.0,1338854400
239,162,4.0,1337731200
22,162,5.0,1337990400
18,162,5.0,1338768000
157,162,5.0,1337817600
65,162,5.0,1339372800
126,162,4.0,1340150400
184,163,4.0,1356566400
0,163,5.0,1368316800
82,163,5.0,1358208000
219,163,4.0,1356566400
110,163,5.0,1358640000
160,164,5.0,1331769600
48,164,4.0,1332288000
93,164,5.0,1330992000
97,164,4.0,1334361600
172,164,5.0,1330905600
98,164,4.0,1343174400
68,164,4.0,1347926400
189,164,5.0,1355184000
19,164,5.0,1331769600
69,165,5.0,1337212800
170,165,5.0,1329955200
118,165,4.0,1331596800
222,165,5.0,1331596800
58,165,5.0,1330905600
203,165,5.0,1335571200
145,165,5.0,1337644800
82,165,5.0,1330473600
68,165,4.0,1347926400
0,166,5.0,1365984000
143,166,5.0,1362873600
50,166,5.0,1361836800
4,166,5.0,1361836800
116,166,5.0,1368835200
33,167,5.0,1387238400
142,167,4.0,1386028800
50,167,2.0,1385683200
229,167,3.0,1388448000
68,167,4.0,1385337600
125,167,5.0,1388793600
85,168,4.0,1401580800
33,168,5.0,1398124800
58,168,5.0,1397692800
180,168,5.0,1401494400
78,168,4.0,1400025600
207,168,5.0,1398211200
104,169,4.0,1351123200
184,169,5.0,1381881600
62,169,5.0,1355011200
220,169,5.0,1400544000
130,169,5.0,1352851200
151,169,5.0,1352937600
227,169,5.0,1351036800
208,169,5.0,1351123200
162,169,4.0,1339286400
127,169,5.0,1351468800
77,169,4.0,1353715200
107,169,4.0,1351209600
147,169,5.0,1403049600
58,169,5.0,1353888000
63,169,2.0,1403136000
42,169,5.0,1353542400
35,169,5.0,1353628800
95,169,5.0,1362960000
75,169,5.0,1400544000
209,169,5.0,1351900800
239,169,5.0,1353628800
39,169,5.0,1360713600
15,169,5.0,1343001600
9,169,5.0,1345593600
5,169,5.0,1355961600
52,169,5.0,1348444800
82,169,4.0,1347753600
201,169,5.0,1358985600
146,169,5.0,1345593600
199,169,5.0,1351123200
173,169,5.0,1351036800
218,169,5.0,1352246400
236,169,5.0,1351036800
191,169,5.0,1401321600
18,169,4.0,1400457600
157,169,5.0,1355788800
134,169,5.0,1353456000
65,169,5.0,1355011200
176,169,4.0,1403568000
24,169,5.0,1355788800
150,169,5.0,1378598400
125,169,5.0,1346025600
126,169,5.0,1355875200
46,169,4.0,1351814400
184,170,5.0,1349136000
14,170,5.0,1348617600
42,170,5.0,1348704000
35,170,5.0,1349136000
239,170,5.0,1348704000
187,170,5.0,1350518400
82,170,5.0,1350259200
201,170,5.0,1348704000
68,170,4.0,1348876800
157,170,5.0,1350259200
134,170,5.0,1348444800
125,170,5.0,1349049600
126,170,5.0,1350518400
33,171,3.0,1341014400
26,171,4.0,1366848000
80,171,2.0,1345593600
214,171,3.0,1344211200
10,171,4.0,1342051200
183,171,4.0,1343088000
177,172,4.0,1361664000
13,172,4.0,1400803200
130,172,4.0,1393459200
72,172,5.0,1369267200
238,172,5.0,1352505600
74,172,5.0,1403568000
75,172,5.0,1384387200
16,172,5.0,1357257600
195,172,5.0,1347321600
150,172,4.0,1351209600
181,173,3.0,1345075200
156,173,3.0,1365984000
148,173,4.0,1347321600
114,173,4.0,1343779200
27,173,4.0,1343865600
58,173,3.0,1343779200
36,173,4.0,1350777600
163,173,5.0,1345075200
4,173,3.0,1344470400
67,173,5.0,1344038400
204,173,3.0,1348012800
100,173,3.0,1343952000
189,173,3.0,1347408000
79,173,5.0,1350518400
212,173,5.0,1341446400
19,173,3.0,1345680000
56,174,5.0,1330732800
48,174,4.0,1351987200
127,174,5.0,1341187200
93,174,5.0,1360195200
79,174,5.0,1341619200
125,174,5.0,1341792000
25,175,3.0,1355788800
188,175,4.0,1349222400
228,175,3.0,1352937600
147,175,5.0,1352851200
133,175,5.0,1348704000
64,175,4.0,1349827200
146,175,3.0,1361836800
0,176,1.0,1366243200
1,176,5.0,1363046400
156,176,4.0,1360454400
161,176,2.0,1365379200
162,176,4.0,1360281600
127,176,1.0,1356998400
73,176,4.0,1361577600
57,176,2.0,1357344000
172,176,5.0,1358121600
82,176,4.0,1360627200
176,176,5.0,1365984000
186,177,4.0,1403913600
9,177,4.0,1343174400
78,177,5.0,1343520000
176,177,5.0,1351123200
125,177,5.0,1355875200
56,178,5.0,1356393600
72,178,5.0,1345075200
76,178,5.0,1368489600
191,178,5.0,1371427200
198,178,5.0,1374105600
69,179,5.0,1334793600
49,179,5.0,1334016000
58,179,4.0,1333929600
229,179,5.0,1334188800
82,179,5.0,1334620800
109,179,4.0,1335916800
167,180,3.0,1339977600
237,180,5.0,1361664000
49,180,5.0,1334016000
42,180,4.0,1337817600
172,180,3.0,1333584000
69,181,5.0,1342569600
35,181,4.0,1341705600
197,181,3.0,1341360000
200,181,4.0,1342569600
196,181,5.0,1340755200
137,181,4.0,1342137600
65,181,4.0,1344902400
231,182,4.0,1381881600
227,182,5.0,1377648000
162,182,4.0,1378080000
77,182,5.0,1378252800
34,182,5.0,1378166400
23,182,5.0,1377388800
144,182,4.0,1380153600
201,182,5.0,1380153600
236,182,5.0,1379548800
134,182,5.0,1377648000
65,182,5.0,1381017600
62,183,4.0,1335312000
127,183,4.0,1336521600
128,183,4.0,1335916800
222,183,4.0,1345680000
58,183,2.0,1336003200
62,184,5.0,1351123200
34,184,5.0,1348617600
95,184,5.0,1348617600
108,184,5.0,1354060800
201,184,5.0,1348704000
199,184,5.0,1348963200
150,184,3.0,1396137600
167,185,4.0,1336608000
106,185,3.0,1340323200
58,185,2.0,1354233600
81,185,3.0,1337472000
68,185,3.0,1339632000
109,185,3.0,1336780800
102,185,5.0,1335916800
0,186,4.0,1379980800
130,186,3.0,1380585600
45,186,4.0,1377129600
208,186,4.0,1377648000
77,186,3.0,1378339200
201,186,5.0,1380153600
134,186,1.0,1377475200
125,186,4.0,1377475200
126,186,3.0,1381968000
160,187,4.0,1365292800
213,187,3.0,1364256000
178,187,5.0,1357948800
80,187,4.0,1358899200
165,187,5.0,1357603200
116,187,3.0,1361145600
146,187,3.0,1361145600
53,187,4.0,1368489600
195,187,4.0,1357776000
24,187,5.0,1357776000
83,188,4.0,1357084800
182,188,5.0,1353974400
88,188,4.0,1359417600
178,188,5.0,1357948800
224,188,4.0,1358899200
57,188,2.0,1357344000
111,188,5.0,1355270400
39,188,5.0,1360886400
109,188,3.0,1357516800
213,189,5.0,1363564800
31,189,5.0,1366416000
118,189,5.0,1354752000
94,189,5.0,1360195200
219,189,5.0,1353888000
0,190,5.0,1346457600
186,190,5.0,1345680000
118,190,5.0,1347062400
172,190,5.0,1358812800
173,190,5.0,1345680000
210,191,5.0,1351987200
156,191,4.0,1351468800
148,191,5.0,1349222400
151,191,5.0,1348617600
42,191,5.0,1349654400
109,191,5.0,1349222400
226,191,3.0,1349308800
148,192,4.0,1341532800
35,192,5.0,1341705600
3,192,5.0,1344902400
201,192,5.0,1342656000
136,192,4.0,1341878400
122,192,5.0,1341964800
99,192,5.0,1342396800
216,192,5.0,1341792000
181,193,3.0,1381190400
167,193,2.0,1379635200
33,193,5.0,1378771200
188,193,5.0,1377648000
106,193,4.0,1380326400
154,193,4.0,1379376000
39,193,5.0,1379462400
52,193,5.0,1380153600
16,193,4.0,1341273600
234,193,4.0,1381449600
191,193,5.0,1378598400
189,193,3.0,1381449600
11,193,5.0,1379894400
111,194,3.0,1371254400
214,194,5.0,1357171200
9,194,4.0,1358208000
217,194,5.0,1356566400
195,194,5.0,1361923200
12,195,4.0,1346457600
59,195,5.0,1367452800
179,195,5.0,1353628800
16,195,5.0,1346544000
176,195,5.0,1346716800
69,196,4.0,1358380800
41,196,2.0,1357776000
131,196,5.0,1358467200
26,196,5.0,1356912000
208,196,5.0,1357171200
119,196,4.0,1356739200
120,196,5.0,1357689600
63,196,4.0,1356566400
42,196,5.0,1357084800
179,196,2.0,1357689600
159,196,5.0,1356912000
43,196,5.0,1357171200
234,196,5.0,1360800000
61,196,5.0,1357257600
110,196,5.0,1358294400
216,196,5.0,1357257600
46,196,3.0,1357171200
86,197,5.0,1376179200
13,197,5.0,1377734400
2,197,5.0,1375920000
88,197,5.0,1377648000
89,197,2.0,1375228800
20,197,4.0,1376006400
48,197,4.0,1379203200
127,197,3.0,1374710400
93,197,4.0,1374624000
27,197,5.0,1374969600
94,197,5.0,1375056000
203,197,5.0,1374883200
67,197,5.0,1374883200
52,197,1.0,1369872000
17,197,5.0,1375056000
136,197,3.0,1369958400
99,197,4.0,1377734400
100,197,4.0,1376179200
11,197,5.0,1374710400
46,197,4.0,1374796800
56,198,5.0,1345420800
188,198,4.0,1345766400
127,198,3.0,1356048000
76,198,4.0,1357862400
57,198,3.0,1345507200
58,198,3.0,1345593600
28,198,5.0,1367798400
19,198,4.0,1356825600
117,199,4.0,1344729600
240,199,5.0,1343260800
107,199,4.0,1343260800
96,199,5.0,1343174400
52,199,5.0,1348444800
159,199,5.0,1345593600
100,199,4.0,1343520000
2,200,5.0,1357171200
88,200,5.0,1358640000
151,200,4.0,1363737600
240,200,4.0,1359849600
94,200,4.0,1367366400
200,200,5.0,1359331200
78,200,4.0,1358121600
210,201,4.0,1356480000
25,201,4.0,1354579200
88,201,4.0,1352592000
58,201,3.0,1349136000
179,201,3.0,1355788800
111,201,5.0,1350518400
205,201,3.0,1350345600
140,201,4.0,1353283200
83,202,5.0,1362355200
237,202,5.0,1367020800
13,202,5.0,1357603200
30,202,5.0,1361923200
20,202,5.0,1362700800
114,202,5.0,1374710400
22,202,5.0,1364601600
28,202,4.0,1362873600
16,202,4.0,1361923200
18,202,4.0,1363219200
83,203,4.0,1362441600
84,203,5.0,1362441600
30,203,5.0,1361923200
20,203,5.0,1363219200
14,203,5.0,1361577600
59,203,5.0,1361750400
22,203,5.0,1364601600
28,203,5.0,1362873600
16,203,5.0,1361836800
182,204,4.0,1365033600
30,204,5.0,1362009600
20,204,5.0,1363132800
4,204,4.0,1361836800
28,204,4.0,1363219200
16,204,4.0,1362182400
18,204,5.0,1361664000
189,204,5.0,1400457600
140,204,5.0,1364428800
166,204,4.0,1363132800
190,205,4.0,1395705600
192,205,3.0,1343606400
135,205,4.0,1347235200
128,205,2.0,1365120000
222,205,4.0,1344988800
172,205,5.0,1343779200
158,205,3.0,1343865600
160,206,4.0,1363219200
56,206,2.0,1344902400
141,206,4.0,1344902400
235,206,2.0,1343001600
57,206,2.0,1344384000
58,206,4.0,1343174400
144,206,1.0,1343952000
79,206,4.0,1366156800
213,207,5.0,1363910400
73,207,5.0,1365206400
118,207,5.0,1363219200
3,207,4.0,1368576000
16,207,5.0,1367107200
221,207,5.0,1368230400
169,208,3.0,1377820800
186,208,4.0,1378425600
227,208,4.0,1379289600
228,208,4.0,1379116800
107,208,4.0,1378166400
164,208,4.0,1380153600
137,208,4.0,1379894400
19,208,4.0,1377648000
168,209,5.0,1348012800
30,209,2.0,1346371200
192,209,3.0,1348876800
36,209,5.0,1350777600
172,209,5.0,1362009600
9,209,3.0,1350345600
136,209,2.0,1349913600
166,209,2.0,1347062400
46,209,1.0,1366761600
170,210,5.0,1357344000
76,210,5.0,1357516800
93,210,1.0,1358294400
185,210,5.0,1358812800
58,210,4.0,1356480000
96,210,2.0,1363478400
19,210,4.0,1356912000
188,211,4.0,1349222400
209,211,4.0,1365120000
172,211,5.0,1365984000
112,211,5.0,1354924800
183,211,5.0,1351123200
182,212,4.0,1357257600
69,212,5.0,1358380800
152,212,4.0,1358121600
76,212,5.0,1357171200
203,212,5.0,1365120000
36,212,5.0,1365724800
78,212,4.0,1356307200
62,213,5.0,1367366400
115,213,5.0,1355097600
236,213,5.0,1347408000
196,213,5.0,1346976000
206,213,5.0,1346889600
109,213,3.0,1345593600
19,213,4.0,1345680000
182,214,5.0,1359417600
2,214,5.0,1348358400
127,214,4.0,1354233600
204,214,5.0,1358812800
196,214,5.0,1347148800
220,215,4.0,1361836800
138,215,4.0,1366070400
152,215,4.0,1362441600
52,215,4.0,1368576000
198,215,5.0,1363824000
174,215,4.0,1361491200
167,216,5.0,1351814400
213,216,4.0,1367020800
68,216,5.0,1368662400
205,216,4.0,1350345600
219,216,5.0,1349827200
46,216,4.0,1349136000
47,217,4.0,1365120000
58,217,3.0,1349222400
203,217,5.0,1365206400
229,217,5.0,1349740800
172,217,5.0,1366243200
40,217,5.0,1358380800
221,217,5.0,1350864000
89,218,4.0,1349222400
133,218,5.0,1349308800
197,218,5.0,1349049600
97,218,4.0,1350086400
68,218,4.0,1349395200
231,219,4.0,1355875200
25,219,4.0,1351555200
32,219,5.0,1352332800
170,219,5.0,1352160000
192,219,4.0,1351728000
94,219,4.0,1351209600
53,219,2.0,1351641600
54,219,5.0,1351900800
133,220,5.0,1351209600
97,220,4.0,1351296000
82,220,4.0,1357689600
68,220,4.0,1351209600
43,220,4.0,1351382400
206,220,4.0,1357171200
216,220,4.0,1351728000
148,221,4.0,1349222400
235,221,4.0,1349049600
96,221,4.0,1349222400
43,221,4.0,1349222400
155,221,4.0,1350518400
104,222,2.0,1350345600
83,222,4.0,1357948800
105,222,4.0,1349222400
50,222,5.0,1369872000
96,222,4.0,1349222400
133,222,2.0,1348617600
136,222,4.0,1351036800
218,222,4.0,1349654400
55,222,3.0,1350000000
170,223,4.0,1352160000
208,223,1.0,1351728000
152,223,3.0,1352419200
36,223,3.0,1353974400
96,223,3.0,1351814400
68,223,3.0,1351555200
234,223,4.0,1352851200
136,223,2.0,1351382400
223,223,3.0,1352937600
181,224,2.0,1355702400
139,224,5.0,1356048000
163,224,4.0,1355788800
53,224,5.0,1355270400
215,224,5.0,1353110400
168,225,3.0,1381881600
160,225,3.0,1380153600
25,225,3.0,1379808000
88,225,5.0,1379808000
175,225,3.0,1379721600
164,225,5.0,1380153600
54,225,3.0,1377648000
182,226,5.0,1363824000
237,226,5.0,1362873600
25,226,3.0,1363651200
178,226,5.0,1366329600
157,226,5.0,1363737600
213,227,4.0,1377561600
2,227,5.0,1376092800
31,227,5.0,1375056000
131,227,5.0,1377302400
66,227,5.0,1370822400
45,227,5.0,1374883200
127,227,4.0,1375228800
224,227,4.0,1376352000
73,227,4.0,1376092800
34,227,5.0,1374969600
9,227,4.0,1375142400
17,227,4.0,1376352000
54,227,2.0,1369958400
55,227,5.0,1376784000
100,227,5.0,1375833600
221,227,4.0,1377820800
89,228,5.0,1353024000
22,228,4.0,1357862400
16,228,4.0,1359763200
43,228,5.0,1371427200
166,228,5.0,1353283200
231,229,5.0,1355875200
161,229,5.0,1358208000
135,229,4.0,1358294400
118,229,4.0,1354752000
3,229,3.0,1358380800
195,229,5.0,1353888000
10,229,5.0,1353974400
213,230,5.0,1387411200
113,230,4.0,1402358400
142,230,4.0,1351555200
163,230,5.0,1365638400
229,230,5.0,1364256000
1,231,3.0,1357257600
86,231,3.0,1357257600
70,231,4.0,1358467200
123,231,4.0,1363824000
102,231,1.0,1356998400
104,232,4.0,1353888000
117,232,4.0,1355702400
92,232,4.0,1357084800
108,232,5.0,1353715200
136,232,5.0,1355270400
0,233,1.0,1365984000
129,233,5.0,1368576000
117,233,5.0,1358899200
228,233,5.0,1358553600
238,233,5.0,1358553600
154,233,4.0,1358899200
59,233,3.0,1358985600
86,234,5.0,1353283200
228,234,4.0,1353715200
235,234,4.0,1353888000
203,234,4.0,1353715200
52,234,5.0,1353542400
212,234,4.0,1353888000
193,235,5.0,1395446400
235,235,5.0,1395532800
163,235,5.0,1400112000
52,235,2.0,1395619200
195,235,5.0,1395619200
47,236,3.0,1382918400
160,236,4.0,1384992000
86,236,4.0,1383004800
161,236,5.0,1389225600
92,236,5.0,1384387200
152,236,4.0,1381449600
162,236,4.0,1383523200
107,236,4.0,1381968000
58,236,3.0,1381104000
165,236,5.0,1383004800
199,236,5.0,1381708800
206,236,4.0,1383436800
140,236,4.0,1385251200
202,236,4.0,1380499200
85,237,4.0,1376956800
31,237,5.0,1374537600
33,237,4.0,1375315200
138,237,4.0,1379289600
118,237,5.0,1375401600
171,237,5.0,1375401600
180,237,5.0,1376352000
205,237,5.0,1377475200
226,237,4.0,1375833600
168,238,5.0,1358294400
132,238,5.0,1357948800
114,238,3.0,1356480000
188,238,4.0,1357084800
229,238,5.0,1358899200
176,238,4.0,1367539200
168,239,5.0,1355875200
72,239,5.0,1353196800
108,239,5.0,1353888000
101,239,5.0,1355616000
102,239,5.0,1354752000
219,239,5.0,1354579200
46,239,5.0,1354492800
184,240,4.0,1366156800
1,240,5.0,1359849600
13,240,4.0,1366156800
161,240,4.0,1365379200
142,240,5.0,1356566400
26,240,5.0,1360022400
171,240,5.0,1363392000
239,240,5.0,1359849600
116,240,4.0,1361145600
195,240,4.0,1356566400
147,241,5.0,1361750400
95,241,5.0,1357084800
133,241,5.0,1357430400
234,241,5.0,1358121600
136,241,4.0,1358035200
122,241,5.0,1357430400
212,241,5.0,1358380800
184,242,5.0,1357344000
182,242,4.0,1357171200
95,242,5.0,1357084800
28,242,5.0,1360108800
166,242,3.0,1357171200
182,243,4.0,1367452800
168,243,5.0,1368576000
87,243,5.0,1367193600
169,243,5.0,1367539200
80,243,5.0,1368316800
81,243,5.0,1367107200
145,243,4.0,1367884800
122,243,5.0,1367366400
236,243,3.0,1370995200
226,243,5.0,1367971200
86,244,5.0,1400889600
2,244,5.0,1398902400
25,244,5.0,1402617600
193,244,4.0,1397520000
27,244,5.0,1397606400
59,244,5.0,1399248000
179,244,5.0,1400630400
241,244,5.0,1397520000
67,244,4.0,1403308800
28,244,5.0,1399852800
232,244,5.0,1397692800
230,245,5.0,1365552000
92,245,4.0,1365033600
142,245,4.0,1364947200
188,245,3.0,1364342400
208,245,5.0,1365120000
63,245,5.0,1365465600
4,245,5.0,1364774400
43,245,5.0,1365465600
234,245,5.0,1366156800
7,245,5.0,1369180800
226,245,5.0,1365552000
12,246,5.0,1393200000
29,246,5.0,1394064000
231,246,5.0,1392768000
8,246,5.0,1392854400
118,246,5.0,1389139200
63,246,5.0,1397088000
3,246,4.0,1388707200
4,246,5.0,1393286400
211,246,5.0,1391040000
173,246,4.0,1395619200
205,246,4.0,1391904000
157,246,5.0,1357862400
174,246,5.0,1389052800
12,247,5.0,1365811200
83,247,3.0,1361923200
84,247,5.0,1362528000
30,247,5.0,1361836800
56,247,5.0,1361836800
90,247,5.0,1361836800
20,247,5.0,1363132800
238,247,5.0,1361750400
59,247,3.0,1361750400
22,247,5.0,1364601600
28,247,2.0,1362873600
56,248,3.0,1388275200
114,248,5.0,1385596800
227,248,5.0,1386547200
59,248,5.0,1388102400
116,248,4.0,1388361600
6,248,5.0,1387324800
102,248,5.0,1386288000
178,249,5.0,1365552000
66,249,4.0,1361404800
21,249,5.0,1360281600
145,249,4.0,1359936000
53,249,1.0,1368489600
137,249,3.0,1361577600
129,250,2.0,1368576000
152,250,4.0,1363219200
96,250,5.0,1403136000
211,250,3.0,1365206400
126,250,2.0,1368576000
46,250,2.0,1362960000
88,251,5.0,1367366400
72,251,5.0,1361750400
240,251,4.0,1364256000
33,251,4.0,1362009600
142,251,4.0,1368662400
127,251,1.0,1368403200
76,251,5.0,1361923200
93,251,3.0,1361923200
57,251,1.0,1365552000
35,251,4.0,1362182400
28,251,4.0,1362182400
19,251,5.0,1361923200
207,251,5.0,1366156800
72,252,5.0,1361750400
151,252,5.0,1363737600
240,252,4.0,1364256000
194,252,4.0,1363564800
33,252,4.0,1362009600
106,252,2.0,1365292800
76,252,5.0,1361923200
93,252,4.0,1361923200
185,252,4.0,1362873600
74,252,5.0,1364428800
200,252,4.0,1364515200
98,252,5.0,1365292800
28,252,5.0,1364083200
19,252,5.0,1361923200
219,252,3.0,1365724800
207,252,5.0,1366070400
12,253,5.0,1366502400
83,253,5.0,1365811200
30,253,5.0,1365120000
56,253,4.0,1365811200
90,253,5.0,1365897600
20,253,5.0,1365379200
238,253,5.0,1365379200
75,253,5.0,1377734400
22,253,5.0,1365120000
28,253,5.0,1367020800
43,253,5.0,1366675200
150,253,5.0,1365292800
30,254,5.0,1399593600
193,254,5.0,1404950400
119,254,4.0,1404950400
149,254,5.0,1399766400
241,254,5.0,1403913600
16,254,5.0,1404777600
43,254,5.0,1360108800
18,254,5.0,1402876800
232,254,5.0,1404691200
167,255,4.0,1368576000
26,255,5.0,1366070400
45,255,4.0,1365033600
127,255,4.0,1365033600
128,255,5.0,1365206400
222,255,5.0,1366243200
42,255,3.0,1365638400
187,255,4.0,1364860800
197,255,4.0,1364601600
38,255,5.0,1364947200
214,255,4.0,1364342400
121,255,4.0,1365120000
199,255,5.0,1364947200
68,255,4.0,1365638400
100,255,4.0,1364947200
40,255,5.0,1365897600
155,255,4.0,1365120000
226,255,4.0,1366070400
126,255,5.0,1367625600
47,256,3.0,1381968000
190,256,4.0,1385078400
167,256,4.0,1382054400
87,256,4.0,1385510400
161,256,4.0,1384992000
151,256,5.0,1382572800
114,256,5.0,1384732800
118,256,5.0,1380067200
128,256,4.0,1382832000
94,256,5.0,1385337600
80,256,5.0,1385510400
36,256,5.0,1385510400
96,256,5.0,1383350400
200,256,5.0,1383782400
64,256,5.0,1384560000
111,256,5.0,1381968000
163,256,5.0,1384992000
82,256,4.0,1381708800
217,256,5.0,1380844800
10,256,3.0,1381190400
218,256,5.0,1384732800
123,256,5.0,1384992000
174,256,4.0,1381881600
102,256,5.0,1384560000
225,256,5.0,1384992000
166,256,5.0,1383091200
184,257,5.0,1362441600
32,257,4.0,1362096000
142,257,5.0,1362268800
159,257,5.0,1362355200
205,257,5.0,1398470400
11,257,5.0,1362528000
226,257,5.0,1365811200
166,257,4.0,1362441600
77,258,5.0,1362441600
200,258,5.0,1362355200
3,258,5.0,1368576000
4,258,5.0,1362441600
165,258,5.0,1362009600
55,258,5.0,1363996800
137,258,5.0,1368057600
176,258,5.0,1363910400
47,259,3.0,1362528000
44,259,4.0,1368489600
132,259,5.0,1363651200
96,259,4.0,1363392000
108,259,3.0,1362960000
82,259,5.0,1366156800
102,259,4.0,1362787200
12,260,5.0,1387324800
20,260,5.0,1387843200
139,260,5.0,1388102400
16,260,5.0,1387584000
43,260,5.0,1358812800
169,261,4.0,1372464000
45,261,5.0,1372377600
147,261,5.0,1373932800
163,261,4.0,1373932800
28,261,4.0,1374537600
17,261,4.0,1380499200
136,261,3.0,1373500800
177,262,5.0,1367884800
117,262,4.0,1366070400
148,262,5.0,1367107200
238,262,5.0,1366761600
118,262,4.0,1366934400
119,262,4.0,1366588800
171,262,5.0,1366848000
187,262,4.0,1367280000
51,262,5.0,1368489600
43,262,5.0,1366848000
234,262,5.0,1368489600
99,262,5.0,1368230400
223,262,5.0,1367625600
181,263,3.0,1369180800
167,263,4.0,1368576000
142,263,4.0,1366934400
50,263,1.0,1366588800
118,263,4.0,1366675200
23,263,4.0,1367020800
158,263,3.0,1366502400
144,263,4.0,1367280000
146,263,3.0,1367625600
223,263,4.0,1367625600
134,263,3.0,1366588800
182,264,4.0,1364774400
149,264,5.0,1364688000
59,264,5.0,1367452800
81,264,4.0,1365120000
23,264,4.0,1364688000
29,265,5.0,1366934400
220,265,4.0,1367193600
240,265,4.0,1368662400
152,265,5.0,1367539200
135,265,5.0,1367884800
164,265,4.0,1368662400
236,265,5.0,1366848000
123,265,5.0,1368489600
33,266,5.0,1382832000
153,266,4.0,1385510400
42,266,5.0,1382832000
229,266,5.0,1385424000
82,266,4.0,1384905600
104,267,3.0,1364169600
66,267,5.0,1365292800
233,267,4.0,1365984000
75,267,5.0,1364428800
59,267,3.0,1364169600
38,267,4.0,1364428800
210,268,5.0,1372896000
190,268,5.0,1375574400
87,268,2.0,1376438400
31,268,2.0,1373241600
171,268,4.0,1374105600
36,268,4.0,1375142400
179,268,3.0,1373846400
133,268,5.0,1372118400
81,268,4.0,1374537600
60,268,5.0,1375315200
217,268,1.0,1372204800
196,268,4.0,1374537600
18,268,4.0,1372809600
101,268,5.0,1372982400
215,268,5.0,1373414400
216,268,5.0,1373241600
237,269,4.0,1381708800
87,269,5.0,1379808000
178,269,5.0,1383868800
131,269,2.0,1391904000
151,269,1.0,1377648000
240,269,4.0,1379894400
142,269,3.0,1378512000
188,269,3.0,1377043200
49,269,2.0,1381708800
152,269,3.0,1377820800
143,269,5.0,1379462400
139,269,3.0,1381190400
93,269,2.0,1388102400
153,269,4.0,1392854400
171,269,2.0,1390694400
74,269,4.0,1380153600
42,269,1.0,1377043200
203,269,5.0,1378598400
209,269,5.0,1390780800
187,269,2.0,1389052800
172,269,5.0,1379894400
158,269,4.0,1379548800
236,269,5.0,1379548800
55,269,5.0,1379548800
123,269,5.0,1379548800
100,269,5.0,1377129600
40,269,5.0,1392768000
65,269,5.0,1391385600
226,269,4.0,1379808000
46,269,4.0,1392163200
182,270,5.0,1366675200
142,270,5.0,1366934400
239,270,4.0,1369008000
3,270,5.0,1368576000
53,270,5.0,1368489600
1,271,5.0,1392681600
71,271,4.0,1389744000
186,271,4.0,1389571200
33,271,5.0,1389398400
115,271,4.0,1389225600
9,271,4.0,1388707200
219,271,3.0,1390003200
46,271,5.0,1391817600
41,272,2.0,1365120000
131,272,5.0,1365379200
235,272,4.0,1366416000
63,272,4.0,1365465600
203,272,5.0,1365120000
229,272,2.0,1366156800
210,273,5.0,1370736000
190,273,4.0,1371686400
220,273,5.0,1369180800
138,273,5.0,1372118400
152,273,4.0,1370563200
175,273,5.0,1369094400
37,273,5.0,1371600000
211,273,5.0,1368921600
144,273,5.0,1371945600
52,273,5.0,1371945600
217,273,5.0,1390176000
126,273,5.0,1369180800
160,274,4.0,1387411200
70,274,5.0,1380326400
8,274,5.0,1384732800
230,274,5.0,1384732800
45,274,4.0,1383350400
21,274,4.0,1382832000
229,274,4.0,1387411200
164,274,4.0,1382659200
144,274,3.0,1382918400
145,274,4.0,1383523200
40,274,4.0,1387324800
104,275,4.0,1393113600
12,275,5.0,1390867200
127,275,5.0,1394064000
179,275,3.0,1393891200
187,275,5.0,1393977600
3,275,5.0,1395014400
172,275,5.0,1395014400
116,275,5.0,1393286400
158,275,4.0,1393459200
145,275,5.0,1392249600
217,275,5.0,1391817600
43,275,5.0,1393718400
195,275,5.0,1390780800
218,275,5.0,1394841600
123,275,5.0,1395187200
198,275,5.0,1391558400
100,275,5.0,1391212800
137,275,5.0,1394755200
102,275,4.0,1391212800
103,275,4.0,1393113600
216,275,5.0,1392076800
62,276,3.0,1387584000
8,276,4.0,1386633600
229,276,2.0,1388448000
217,276,3.0,1385337600
198,276,4.0,1385683200
104,277,4.0,1376438400
222,277,4.0,1379462400
200,277,4.0,1378857600
39,277,5.0,1376265600
196,277,5.0,1377302400
134,277,4.0,1374624000
31,278,5.0,1379030400
72,278,5.0,1377475200
114,278,5.0,1379808000
9,278,5.0,1378512000
198,278,5.0,1379203200
83,279,5.0,1364774400
182,279,4.0,1365552000
84,279,5.0,1364256000
149,279,5.0,1364428800
121,279,3.0,1365292800
28,279,4.0,1364601600
83,280,5.0,1364774400
149,280,5.0,1364428800
59,280,4.0,1364428800
22,280,5.0,1364688000
121,280,4.0,1364601600
232,280,5.0,1364083200
140,280,4.0,1364428800
150,280,4.0,1364428800
125,280,1.0,1385251200
12,281,5.0,1366502400
83,281,5.0,1365292800
237,281,5.0,1377993600
41,281,5.0,1375228800
30,281,5.0,1375228800
56,281,5.0,1377907200
90,281,5.0,1365897600
20,281,5.0,1365379200
238,281,5.0,1374969600
59,281,5.0,1367452800
22,281,5.0,1365120000
241,281,5.0,1375056000
28,281,5.0,1377043200
206,281,5.0,1366156800
232,281,5.0,1375747200
150,281,5.0,1375228800
190,282,4.0,1370131200
160,282,4.0,1368489600
113,282,4.0,1368489600
88,282,5.0,1367020800
178,282,5.0,1370390400
72,282,1.0,1367193600
44,282,5.0,1368489600
240,282,4.0,1371340800
235,282,3.0,1367625600
139,282,2.0,1368230400
76,282,4.0,1368489600
118,282,4.0,1368748800
200,282,4.0,1371081600
64,282,5.0,1367193600
180,282,4.0,1368403200
9,282,3.0,1367712000
98,282,4.0,1368489600
68,282,4.0,1367884800
122,282,2.0,1367625600
123,282,2.0,1368489600
174,282,4.0,1367193600
125,282,3.0,1368403200
19,282,3.0,1366848000
231,283,5.0,1374019200
88,283,5.0,1371168000
106,283,5.0,1371686400
58,283,5.0,1369872000
68,283,5.0,1369008000
54,283,3.0,1370044800
79,283,5.0,1368921600
11,283,3.0,1371686400
19,283,4.0,1370217600
156,284,4.0,1381536000
77,284,4.0,1381276800
224,284,5.0,1381104000
68,284,5.0,1380758400
196,284,5.0,1382572800
123,284,5.0,1382572800
83,285,4.0,1370131200
186,285,5.0,1372809600
114,285,5.0,1372204800
233,285,5.0,1369785600
94,285,5.0,1376697600
147,285,5.0,1369872000
229,285,4.0,1374105600
116,285,5.0,1376524800
67,285,5.0,1370131200
173,285,5.0,1371686400
189,285,3.0,1372032000
12,286,4.0,1376870400
88,286,5.0,1371168000
72,286,5.0,1375142400
34,286,5.0,1372032000
94,286,5.0,1376697600
96,286,4.0,1370304000
229,286,5.0,1374105600
9,286,5.0,1369872000
68,286,4.0,1372723200
206,286,5.0,1377561600
11,286,5.0,1374710400
104,287,5.0,1373932800
153,287,4.0,1375142400
58,287,5.0,1373068800
144,287,5.0,1373587200
223,287,4.0,1376006400
142,288,5.0,1373155200
222,288,5.0,1376265600
58,288,5.0,1373068800
200,288,4.0,1376524800
163,288,5.0,1377216000
9,288,4.0,1374883200
126,288,5.0,1373932800
2,289,4.0,1372550400
30,289,5.0,1370044800
25,289,5.0,1375488000
70,289,5.0,1374278400
141,289,5.0,1370044800
193,289,5.0,1374019200
238,289,5.0,1369526400
73,289,5.0,1373932800
76,289,4.0,1391040000
119,289,5.0,1372809600
27,289,5.0,1374019200
149,289,5.0,1372377600
59,289,5.0,1372896000
81,289,4.0,1374019200
97,289,5.0,1374105600
121,289,4.0,1373587200
67,289,4.0,1376438400
28,289,5.0,1372032000
16,289,4.0,1371859200
82,289,4.0,1378684800
17,289,5.0,1376179200
18,289,4.0,1371168000
101,289,4.0,1385856000
65,289,5.0,1374278400
216,289,5.0,1372291200
166,289,4.0,1371859200
32,290,5.0,1377475200
170,290,5.0,1377820800
49,290,4.0,1379376000
224,290,4.0,1379462400
35,290,5.0,1377820800
95,290,5.0,1378684800
22,290,4.0,1377302400
122,290,4.0,1378166400
223,290,4.0,1379894400
110,290,5.0,1379203200
30,291,3.0,1385683200
178,291,5.0,1389225600
170,291,5.0,1386288000
91,291,4.0,1388188800
127,291,5.0,1388966400
224,291,4.0,1385942400
35,291,4.0,1385942400
154,291,4.0,1388448000
96,291,5.0,1386288000
180,291,4.0,1388534400
82,291,4.0,1387152000
196,291,4.0,1388188800
109,291,5.0,1386633600
101,291,4.0,1387324800
221,291,4.0,1387843200
102,291,1.0,1386633600
177,292,5.0,1395187200
13,292,3.0,1396828800
91,292,5.0,1397347200
77,292,4.0,1393977600
119,292,4.0,1395014400
233,292,3.0,1396656000
23,292,4.0,1393804800
201,292,5.0,1397692800
157,292,4.0,1395187200
216,292,3.0,1393545600
46,292,4.0,1394582400
104,293,3.0,1394064000
62,293,4.0,1397520000
13,293,3.0,1396224000
48,293,3.0,1394668800
50,293,3.0,1393200000
36,293,3.0,1394323200
23,293,4.0,1393804800
52,293,3.0,1397692800
55,293,4.0,1394928000
215,293,3.0,1396396800
31,294,5.0,1374537600
33,294,4.0,1372291200
127,294,5.0,1374710400
80,294,5.0,1376524800
36,294,5.0,1375142400
38,294,5.0,1375833600
172,294,5.0,1375228800
99,294,4.0,1374969600
223,294,5.0,1376524800
114,295,5.0,1376265600
235,295,3.0,1375056000
108,295,5.0,1372723200
218,295,5.0,1376179200
221,295,5.0,1375574400
207,295,5.0,1374105600
13,296,5.0,1405123200
30,296,5.0,1379548800
20,296,5.0,1379894400
238,296,5.0,1379721600
27,296,5.0,1405123200
37,296,5.0,1405987200
81,296,5.0,1405296000
241,296,5.0,1379548800
195,296,5.0,1405555200
100,296,5.0,1405123200
140,296,5.0,1405728000
127,297,5.0,1380067200
27,297,5.0,1378080000
233,297,5.0,1378339200
165,297,5.0,1377820800
67,297,5.0,1379030400
82,297,5.0,1379030400
55,297,5.0,1380153600
196,297,5.0,1379376000
101,297,5.0,1385251200
221,297,5.0,1379808000
182,298,5.0,1398729600
213,298,5.0,1403049600
87,298,4.0,1401753600
2,298,5.0,1398470400
30,298,5.0,1398902400
240,298,5.0,1403049600
27,298,5.0,1398816000
229,298,5.0,1403136000
206,298,5.0,1401667200
109,298,4.0,1398988800
215,298,5.0,1398211200
168,299,4.0,1400025600
160,299,3.0,1400112000
213,299,3.0,1397692800
87,299,4.0,1400112000
41,299,4.0,1398211200
48,299,4.0,1399939200
44,299,4.0,1400025600
114,299,5.0,1399161600
162,299,3.0,1398643200
143,299,4.0,1397520000
42,299,5.0,1393718400
38,299,4.0,1400025600
229,299,2.0,1397692800
109,299,3.0,1396224000
198,299,3.0,1398297600
168,300,5.0,1400112000
1,300,5.0,1400025600
8,300,4.0,1400025600
152,300,5.0,1396656000
73,300,4.0,1399852800
36,300,5.0,1400025600
54,300,3.0,1398297600
196,300,4.0,1399507200
212,300,5.0,1400025600
45,301,5.0,1386374400
139,301,1.0,1386028800
58,301,3.0,1386201600
80,301,4.0,1388448000
82,301,4.0,1387152000
236,301,5.0,1389225600
202,301,4.0,1386288000
7,301,4.0,1395187200
148,302,4.0,1385683200
72,302,5.0,1385856000
57,302,3.0,1386115200
164,302,5.0,1387324800
61,302,5.0,1385942400
137,302,5.0,1388707200
12,303,4.0,1369958400
83,303,5.0,1370390400
41,303,5.0,1374192000
30,303,5.0,1369699200
56,303,5.0,1369699200
90,303,5.0,1370649600
20,303,5.0,1370044800
238,303,5.0,1369699200
59,303,5.0,1372032000
22,303,5.0,1369958400
241,303,5.0,1374364800
28,303,5.0,1370822400
43,303,5.0,1372032000
206,303,5.0,1373068800
18,303,5.0,1374451200
232,303,5.0,1374451200
150,303,4.0,1370044800
182,304,4.0,1372291200
238,304,5.0,1371686400
73,304,5.0,1371686400
76,304,5.0,1372291200
149,304,5.0,1372032000
97,304,5.0,1371686400
22,304,5.0,1371859200
18,304,5.0,1371686400
227,305,5.0,1374710400
229,305,3.0,1379548800
164,305,5.0,1374624000
109,305,5.0,1375228800
137,305,3.0,1377475200
174,305,4.0,1374537600
19,305,4.0,1374710400
210,306,5.0,1396656000
1,306,5.0,1400112000
30,306,2.0,1396483200
31,306,5.0,1400025600
20,306,5.0,1396828800
33,306,4.0,1396483200
58,306,4.0,1396915200
37,306,5.0,1399939200
67,306,4.0,1396915200
47,307,4.0,1391040000
131,307,3.0,1390694400
66,307,4.0,1393459200
143,307,4.0,1394409600
93,307,3.0,1392854400
3,307,4.0,1396224000
67,307,5.0,1391385600
55,307,4.0,1393718400
123,307,5.0,1395187200
198,307,1.0,1392854400
212,307,5.0,1388188800
25,308,5.0,1378080000
94,308,5.0,1377043200
67,308,5.0,1376956800
140,308,5.0,1378857600
183,308,5.0,1378425600
166,308,5.0,1375747200
12,309,5.0,1383004800
41,309,5.0,1380844800
30,309,5.0,1381536000
56,309,5.0,1382140800
89,309,5.0,1384646400
90,309,5.0,1380585600
20,309,5.0,1372809600
141,309,5.0,1383177600
238,309,5.0,1372377600
59,309,5.0,1373500800
22,309,5.0,1372464000
28,309,4.0,1374796800
16,309,5.0,1383609600
43,309,5.0,1382832000
232,309,5.0,1381017600
150,309,4.0,1382227200
208,310,4.0,1386892800
228,310,4.0,1386806400
36,310,5.0,1389830400
180,310,4.0,1386720000
165,310,5.0,1387238400
16,310,4.0,1392422400
68,310,4.0,1388707200
195,310,4.0,1386633600
157,310,5.0,1388275200
182,311,5.0,1377734400
162,311,5.0,1379289600
73,311,5.0,1380585600
118,311,5.0,1377648000
3,311,4.0,1381968000
146,311,4.0,1381708800
173,311,4.0,1379030400
157,311,5.0,1379116800
1,312,4.0,1386892800
41,312,4.0,1382227200
208,312,3.0,1384473600
58,312,4.0,1382313600
59,312,5.0,1383696000
108,312,5.0,1382400000
211,312,4.0,1382227200
9,312,4.0,1383350400
217,312,4.0,1384041600
195,312,4.0,1382313600
202,312,5.0,1383523200
102,312,4.0,1382918400
219,312,3.0,1382918400
0,313,5.0,1389657600
62,313,4.0,1385510400
41,313,2.0,1377907200
130,313,5.0,1380585600
161,313,5.0,1380758400
148,313,5.0,1382313600
32,313,4.0,1382572800
170,313,5.0,1382918400
230,313,5.0,1379548800
127,313,4.0,1378771200
235,313,4.0,1384732800
153,313,4.0,1379808000
222,313,5.0,1385337600
42,313,5.0,1377561600
203,313,3.0,1378166400
229,313,5.0,1381968000
145,313,5.0,1382400000
173,313,5.0,1384646400
234,313,5.0,1384732800
218,313,5.0,1385337600
30,314,5.0,1396483200
25,314,5.0,1395964800
89,314,5.0,1400889600
20,314,5.0,1400025600
238,314,5.0,1397001600
139,314,5.0,1402012800
149,314,5.0,1397606400
59,314,5.0,1401062400
241,314,5.0,1396310400
9,314,4.0,1403049600
67,314,4.0,1398038400
28,314,5.0,1400198400
43,314,5.0,1398729600
196,314,4.0,1398556800
65,314,5.0,1399852800
150,314,5.0,1397865600
30,315,5.0,1377475200
20,315,5.0,1377734400
238,315,5.0,1377388800
22,315,5.0,1377993600
140,315,4.0,1378684800
167,316,3.0,1381276800
41,316,4.0,1378252800
169,316,3.0,1377820800
227,316,5.0,1377129600
50,316,5.0,1376870400
222,316,5.0,1381968000
120,316,3.0,1379721600
164,316,4.0,1380153600
9,316,5.0,1380240000
137,316,1.0,1381104000
212,316,5.0,1377907200
66,317,4.0,1380844800
45,317,4.0,1380326400
49,317,5.0,1382486400
211,317,5.0,1381104000
221,317,5.0,1382918400
70,318,2.0,1393459200
72,318,1.0,1388793600
240,318,4.0,1393891200
194,318,2.0,1388966400
94,318,1.0,1393977600
203,318,2.0,1392768000
197,318,3.0,1390521600
3,318,1.0,1396224000
60,318,5.0,1394755200
9,318,4.0,1393286400
159,318,2.0,1393459200
61,318,3.0,1393804800
137,318,3.0,1392163200
84,319,5.0,1379462400
30,319,4.0,1377302400
20,319,5.0,1377734400
238,319,5.0,1377302400
22,319,5.0,1377993600
140,319,5.0,1378684800
86,320,5.0,1393113600
71,320,3.0,1390780800
105,320,3.0,1395014400
208,320,5.0,1390435200
106,320,4.0,1396915200
238,320,5.0,1390780800
77,320,4.0,1390867200
50,320,4.0,1390348800
57,320,3.0,1391299200
74,320,4.0,1393459200
63,320,3.0,1390348800
35,320,5.0,1390176000
187,320,5.0,1390176000
197,320,4.0,1393113600
81,320,5.0,1393027200
180,320,5.0,1392595200
195,320,3.0,1390521600
10,320,4.0,1390089600
112,320,5.0,1393804800
18,320,5.0,1390176000
223,320,5.0,1393372800
134,320,4.0,1390608000
124,320,4.0,1390435200
46,320,4.0,1391299200
151,321,5.0,1388016000
57,321,3.0,1389484800
185,321,4.0,1392768000
100,321,5.0,1388188800
19,321,5.0,1387843200
182,322,5.0,1402617600
84,322,5.0,1378857600
237,322,5.0,1403395200
13,322,5.0,1378684800
30,322,5.0,1377302400
71,322,4.0,1383696000
20,322,5.0,1377734400
238,322,5.0,1377302400
22,322,4.0,1377993600
140,322,5.0,1378684800
29,323,4.0,1391817600
231,323,5.0,1395273600
70,323,5.0,1391040000
89,323,4.0,1390694400
169,323,5.0,1390176000
48,323,4.0,1394668800
151,323,5.0,1392854400
91,323,4.0,1393200000
192,323,4.0,1390694400
45,323,4.0,1391212800
42,323,5.0,1392336000
64,323,4.0,1391299200
164,323,5.0,1389830400
54,323,5.0,1391040000
218,323,5.0,1392768000
41,324,2.0,1395532800
56,324,4.0,1395619200
32,324,5.0,1396828800
227,324,5.0,1395792000
238,324,5.0,1397779200
76,324,5.0,1395532800
118,324,5.0,1395705600
222,324,5.0,1400112000
58,324,5.0,1395619200
42,324,5.0,1395878400
97,324,5.0,1397260800
229,324,4.0,1400112000
172,324,5.0,1398211200
5,324,5.0,1399939200
234,324,5.0,1399334400
100,324,4.0,1395532800
237,325,5.0,1394668800
30,325,5.0,1393113600
141,325,5.0,1393891200
59,325,5.0,1394928000
97,325,5.0,1405987200
241,325,5.0,1393027200
237,326,5.0,1394064000
59,326,5.0,1399248000
39,326,5.0,1399334400
28,326,4.0,1401235200
16,326,5.0,1399075200
18,326,5.0,1399852800
13,327,5.0,1393200000
151,327,5.0,1392768000
230,327,4.0,1391472000
194,327,4.0,1390348800
233,327,4.0,1390867200
121,327,4.0,1391904000
201,327,5.0,1393459200
55,327,5.0,1393027200
157,327,5.0,1392681600
178,328,5.0,1386115200
132,328,4.0,1385683200
133,328,3.0,1383264000
111,328,4.0,1384992000
180,328,4.0,1384992000
165,328,4.0,1383177600
68,328,3.0,1385683200
17,328,5.0,1385596800
100,328,4.0,1383436800
115,329,5.0,1385424000
162,329,5.0,1385596800
36,329,5.0,1388275200
214,329,4.0,1386979200
9,329,4.0,1387756800
145,329,5.0,1386201600
40,329,5.0,1388448000
24,329,5.0,1385596800
167,330,4.0,1394582400
31,330,5.0,1396828800
230,330,4.0,1394668800
188,330,4.0,1394150400
77,330,5.0,1393977600
197,330,4.0,1395964800
3,330,5.0,1396224000
82,330,5.0,1395014400
17,330,5.0,1393891200
173,330,5.0,1396051200
174,330,5.0,1393545600
91,331,5.0,1391644800
227,331,5.0,1388016000
21,331,4.0,1389916800
59,331,5.0,1389830400
179,331,4.0,1389312000
206,331,5.0,1391299200
103,331,4.0,1390867200
12,332,2.0,1389052800
237,332,5.0,1389484800
89,332,3.0,1390694400
132,332,4.0,1390003200
238,332,5.0,1388275200
94,332,5.0,1388102400
58,332,2.0,1390694400
36,332,5.0,1392681600
22,332,5.0,1389484800
145,332,4.0,1388793600
146,332,5.0,1392163200
234,332,5.0,1392076800
10,332,5.0,1389139200
110,332,5.0,1388275200
107,333,4.0,1389052800
128,333,3.0,1389571200
120,333,4.0,1389312000
179,333,5.0,1389744000
96,333,3.0,1389225600
165,333,3.0,1388448000
82,333,4.0,1389312000
199,333,4.0,1388361600
79,333,5.0,1390435200
221,333,5.0,1391644800
86,334,5.0,1391212800
192,334,4.0,1390867200
224,334,3.0,1391126400
118,334,3.0,1391472000
233,334,3.0,1392854400
197,334,5.0,1390262400
38,334,4.0,1389052800
211,334,2.0,1392249600
98,334,4.0,1392768000
144,334,1.0,1393113600
17,334,5.0,1390953600
53,334,2.0,1391385600
236,334,4.0,1395187200
109,334,5.0,1389052800
100,334,5.0,1390867200
40,334,4.0,1392768000
202,334,4.0,1392508800
125,334,5.0,1391990400
215,334,4.0,1390867200
46,334,1.0,1390953600
84,335,5.0,1392076800
29,335,3.0,1389052800
86,335,5.0,1388966400
71,335,4.0,1388361600
169,335,4.0,1388188800
178,335,4.0,1391731200
105,335,3.0,1392768000
127,335,5.0,1390780800
238,335,4.0,1389225600
57,335,3.0,1389398400
171,335,4.0,1391817600
35,335,4.0,1389052800
187,335,3.0,1392854400
81,335,4.0,1390953600
22,335,5.0,1389484800
18,335,5.0,1389225600
223,335,3.0,1392681600
140,335,4.0,1391644800
124,335,4.0,1389139200
1,336,4.0,1395014400
220,336,3.0,1389052800
117,336,5.0,1391472000
118,336,4.0,1391472000
119,336,2.0,1391212800
159,336,3.0,1389916800
99,336,4.0,1390608000
125,336,5.0,1391990400
216,336,4.0,1390953600
70,337,3.0,1391040000
170,337,4.0,1391558400
91,337,2.0,1387929600
192,337,4.0,1389225600
138,337,2.0,1393372800
152,337,4.0,1388275200
233,337,3.0,1392508800
154,337,4.0,1390521600
165,337,3.0,1388448000
201,337,5.0,1395273600
199,337,3.0,1387670400
204,337,4.0,1392768000
29,338,4.0,1386028800
169,338,4.0,1387497600
162,338,4.0,1386979200
42,338,5.0,1387324800
108,338,5.0,1387238400
196,338,5.0,1386028800
134,338,5.0,1385942400
124,338,4.0,1386115200
219,338,3.0,1388448000
13,339,5.0,1391904000
26,339,5.0,1388102400
77,339,5.0,1387929600
233,339,5.0,1390867200
183,339,5.0,1392595200
126,339,5.0,1389830400
70,340,5.0,1386633600
4,340,5.0,1386028800
82,340,4.0,1387238400
146,340,4.0,1389744000
204,340,4.0,1388448000
55,340,5.0,1386892800
226,340,5.0,1386547200
84,341,5.0,1405814400
2,341,5.0,1403481600
30,341,3.0,1404604800
169,341,3.0,1404345600
152,341,4.0,1404950400
127,341,5.0,1404086400
27,341,4.0,1405814400
95,341,5.0,1405900800
59,341,4.0,1405468800
82,341,4.0,1405814400
17,341,5.0,1405123200
231,342,3.0,1405814400
132,342,3.0,1405382400
153,342,2.0,1403654400
4,342,4.0,1404259200
219,342,2.0,1404864000
177,343,3.0,1405555200
56,343,5.0,1403568000
105,343,3.0,1405900800
108,343,4.0,1405987200
109,343,4.0,1403654400
134,343,3.0,1403827200
69,344,5.0,1388275200
167,344,4.0,1388016000
160,344,5.0,1388880000
130,344,5.0,1389830400
148,344,4.0,1385683200
91,344,3.0,1387929600
230,344,5.0,1385683200
92,344,5.0,1387411200
115,344,4.0,1385769600
26,344,4.0,1386201600
228,344,5.0,1386806400
224,344,4.0,1386374400
153,344,5.0,1388448000
58,344,3.0,1385942400
42,344,5.0,1386115200
239,344,4.0,1385424000
179,344,1.0,1386979200
38,344,4.0,1386547200
60,344,5.0,1388275200
159,344,4.0,1388448000
173,344,2.0,1385769600
6,344,4.0,1387324800
191,344,5.0,1385769600
79,344,5.0,1390435200
7,344,5.0,1395187200
11,344,5.0,1389744000
155,344,5.0,1387411200
72,345,4.0,1391126400
193,345,4.0,1390608000
114,345,5.0,1392508800
115,345,5.0,1390435200
142,345,4.0,1391644800
58,345,4.0,1390435200
42,345,5.0,1392422400
9,345,5.0,1393113600
123,345,5.0,1393372800
212,345,5.0,1393459200
225,345,4.0,1393459200
29,346,4.0,1388793600
220,346,4.0,1389484800
87,346,5.0,1392854400
130,346,5.0,1392854400
114,346,5.0,1392508800
152,346,4.0,1389744000
93,346,4.0,1389830400
126,346,5.0,1389830400
219,346,5.0,1389916800
30,347,3.0,1384560000
238,347,5.0,1384732800
22,347,5.0,1385510400
28,347,4.0,1387411200
166,347,3.0,1384732800
30,348,5.0,1384560000
238,348,5.0,1384819200
22,348,5.0,1385510400
28,348,4.0,1387238400
166,348,5.0,1384732800
12,349,5.0,1388793600
41,349,5.0,1389052800
30,349,5.0,1386547200
20,349,5.0,1387843200
141,349,5.0,1389225600
238,349,5.0,1386633600
241,349,5.0,1386547200
43,349,5.0,1386460800
218,349,5.0,1400976000
232,349,5.0,1387152000
237,350,5.0,1384992000
30,350,5.0,1384473600
71,350,2.0,1391385600
238,350,5.0,1384819200
22,350,5.0,1385337600
237,351,5.0,1392681600
141,351,5.0,1394841600
28,351,5.0,1395100800
43,351,5.0,1395532800
176,351,5.0,1393891200
13,352,5.0,1403827200
2,352,5.0,1405555200
20,352,5.0,1400457600
141,352,4.0,1398902400
241,352,5.0,1398038400
12,353,5.0,1394150400
41,353,5.0,1394236800
30,353,5.0,1394496000
56,353,5.0,1395273600
141,353,5.0,1394236800
238,353,5.0,1394323200
59,353,5.0,1395878400
22,353,5.0,1394496000
241,353,5.0,1394236800
232,353,5.0,1394668800
177,354,5.0,1400112000
220,354,3.0,1399248000
117,354,3.0,1400112000
161,354,5.0,1403049600
142,354,3.0,1398643200
208,354,4.0,1400284800
107,354,4.0,1398297600
58,354,2.0,1397952000
195,354,3.0,1398297600
123,354,3.0,1403049600
223,354,4.0,1403049600
176,354,3.0,1402963200
212,354,4.0,1401840000
225,354,3.0,1403136000
131,355,5.0,1404345600
44,355,5.0,1405900800
135,355,5.0,1405900800
119,355,4.0,1404000000
185,355,4.0,1405814400
172,355,5.0,1404864000
16,355,3.0,1404604800
195,355,3.0,1404777600
86,356,5.0,1399075200
90,356,5.0,1391472000
141,356,5.0,1390953600
194,356,2.0,1397692800
162,356,5.0,1393977600
238,356,5.0,1388966400
59,356,4.0,1394928000
232,356,5.0,1391040000
1,357,2.0,1397520000
156,357,3.0,1396656000
117,357,4.0,1396051200
138,357,3.0,1397520000
139,357,5.0,1396828800
27,357,5.0,1397606400
37,357,4.0,1395532800
96,357,4.0,1394582400
172,357,3.0,1397520000
204,357,4.0,1397692800
112,357,4.0,1395792000
40,357,4.0,1397520000
202,357,3.0,1395705600
225,357,3.0,1397692800
12,358,3.0,1394150400
237,358,5.0,1395100800
30,358,4.0,1394064000
241,358,3.0,1393459200
28,358,5.0,1395100800
8,359,5.0,1395100800
92,359,4.0,1393891200
152,359,3.0,1391472000
203,359,4.0,1391558400
9,359,5.0,1393113600
11,359,5.0,1393459200
19,359,4.0,1391126400
83,360,5.0,1399248000
84,360,5.0,1399852800
237,360,5.0,1392336000
149,360,5.0,1399075200
241,360,5.0,1400284800
29,361,4.0,1399939200
75,361,5.0,1400544000
59,361,4.0,1400889600
38,361,5.0,1400803200
108,361,5.0,1399852800
3,361,4.0,1405468800
204,361,5.0,1402704000
17,361,4.0,1402185600
54,361,4.0,1403654400
189,361,5.0,1398988800
103,361,4.0,1401580800
83,362,4.0,1399248000
182,362,5.0,1399248000
237,362,5.0,1399420800
2,362,5.0,1400371200
59,362,5.0,1400112000
97,362,5.0,1399161600
121,362,4.0,1400284800
28,362,4.0,1400716800
232,362,4.0,1399075200
150,362,5.0,1399161600
77,363,5.0,1402099200
74,363,5.0,1403740800
187,363,5.0,1403740800
60,363,5.0,1403481600
126,363,5.0,1403049600
62,364,5.0,1402963200
1,364,5.0,1402704000
71,364,5.0,1398729600
114,364,5.0,1402617600
115,364,5.0,1398556800
9,364,5.0,1400630400
78,364,5.0,1400025600
62,365,5.0,1402876800
194,365,5.0,1398729600
33,365,5.0,1398124800
142,365,4.0,1399766400
187,365,5.0,1398470400
9,365,5.0,1400630400
134,365,5.0,1398729600
130,366,5.0,1403654400
114,366,5.0,1403740800
142,366,4.0,1402099200
153,366,5.0,1403654400
187,366,4.0,1403740800
207,366,5.0,1401926400
33,367,5.0,1400889600
115,367,4.0,1403049600
127,367,5.0,1400716800
197,367,5.0,1402876800
3,367,5.0,1405468800
146,367,5.0,1403654400
186,368,3.0,1398297600
114,368,5.0,1402790400
115,368,5.0,1398729600
134,368,5.0,1399161600
219,368,5.0,1398902400
46,368,5.0,1400112000
69,369,5.0,1403913600
113,369,5.0,1403481600
41,369,2.0,1402531200
117,369,4.0,1403308800
148,369,5.0,1400976000
131,369,5.0,1401494400
230,369,5.0,1402272000
26,369,5.0,1402704000
228,369,5.0,1402272000
224,369,4.0,1401494400
76,369,4.0,1403913600
187,369,5.0,1403740800
81,369,5.0,1403136000
23,369,4.0,1401926400
60,369,5.0,1404000000
122,369,5.0,1402012800
100,369,5.0,1400889600
40,369,5.0,1405814400
11,369,5.0,1403654400
216,369,5.0,1401667200
46,369,4.0,1402444800
62,370,4.0,1397692800
177,370,4.0,1393718400
130,370,5.0,1394841600
230,370,5.0,1394582400
188,370,5.0,1393804800
95,370,5.0,1393804800
239,370,4.0,1393891200
232,370,5.0,1393718400
24,370,5.0,1393891200
126,370,4.0,1395100800
139,371,5.0,1398384000
222,371,5.0,1403136000
179,371,3.0,1399248000
189,371,5.0,1398211200
101,371,5.0,1400630400
56,372,5.0,1400457600
20,372,5.0,1402358400
119,372,4.0,1402617600
27,372,5.0,1402704000
97,372,5.0,1401580800
241,372,5.0,1400544000
12,373,5.0,1394150400
182,373,5.0,1394409600
237,373,5.0,1403222400
119,373,5.0,1394236800
121,373,5.0,1395964800
169,374,5.0,1401235200
234,374,5.0,1403568000
198,374,4.0,1401235200
189,374,5.0,1400716800
202,374,4.0,1402012800
46,374,4.0,1401148800
177,375,4.0,1401235200
117,375,3.0,1401580800
72,375,5.0,1400716800
195,375,4.0,1400284800
78,375,3.0,1402358400
205,375,4.0,1402444800
223,375,3.0,1403568000
103,375,4.0,1404518400
215,375,4.0,1400716800
46,375,5.0,1400630400
84,376,5.0,1399248000
20,376,5.0,1398038400
141,376,5.0,1398902400
240,376,5.0,1400025600
33,376,5.0,1396483200
188,376,5.0,1395619200
162,376,5.0,1397865600
94,376,5.0,1400025600
36,376,5.0,1400112000
37,376,5.0,1400025600
116,376,5.0,1400112000
9,376,5.0,1398556800
159,376,5.0,1397779200
195,376,5.0,1395705600
78,376,3.0,1397692800
109,376,3.0,1398988800
123,376,5.0,1398297600
183,376,5.0,1400112000
19,376,4.0,1397692800
225,376,5.0,1400112000
12,377,3.0,1398988800
230,377,5.0,1400112000
93,377,2.0,1400112000
98,377,3.0,1403136000
166,377,2.0,1399161600
210,378,3.0,1401494400
84,378,4.0,1402012800
30,378,3.0,1399161600
240,378,4.0,1403136000
119,378,4.0,1401667200
4,378,4.0,1399593600
158,378,4.0,1398729600
201,378,5.0,1403136000
55,378,4.0,1401580800
100,378,4.0,1399334400
225,378,3.0,1403136000
167,379,5.0,1405036800
41,379,3.0,1404345600
224,379,3.0,1404950400
75,379,5.0,1404345600
158,379,2.0,1404259200
67,379,5.0,1403740800
16,379,4.0,1405123200
191,379,5.0,1405296000
56,380,5.0,1396224000
230,380,5.0,1400544000
106,380,4.0,1397952000
135,380,5.0,1398643200
63,380,4.0,1400112000
3,380,5.0,1400112000
98,380,5.0,1400025600
217,380,5.0,1396828800
30,381,2.0,1399852800
141,381,3.0,1401494400
162,381,3.0,1401667200
127,381,3.0,1403049600
94,381,4.0,1402963200
37,381,4.0,1402876800
78,381,2.0,1399593600
140,381,3.0,1403049600
155,381,3.0,1398297600
219,381,2.0,1403049600
69,382,4.0,1403913600
167,382,3.0,1404691200
160,382,4.0,1405555200
87,382,5.0,1404691200
13,382,4.0,1403827200
231,382,3.0,1403568000
89,382,5.0,1400457600
161,382,2.0,1403049600
131,382,3.0,1403827200
162,382,3.0,1403049600
127,382,5.0,1401408000
135,382,5.0,1404086400
222,382,4.0,1404086400
147,382,2.0,1403654400
58,382,3.0,1401321600
154,382,3.0,1403827200
59,382,4.0,1403395200
158,382,3.0,1402444800
16,382,3.0,1401408000
82,382,2.0,1400976000
17,382,4.0,1401062400
234,382,5.0,1405900800
112,382,4.0,1403654400
102,382,1.0,1401580800
19,382,4.0,1400889600
48,383,1.0,1399161600
143,383,1.0,1399939200
58,383,1.0,1398643200
146,383,2.0,1402876800
204,383,3.0,1402704000
56,384,5.0,1396051200
20,384,5.0,1395273600
238,384,5.0,1395792000
149,384,5.0,1395532800
241,384,5.0,1396656000
188,385,3.0,1399161600
93,385,4.0,1399248000
153,385,4.0,1402790400
180,385,5.0,1401580800
67,385,5.0,1399334400
217,385,5.0,1401148800
205,385,5.0,1400889600
32,386,4.0,1400457600
132,386,5.0,1400284800
127,386,5.0,1398384000
77,386,4.0,1399420800
233,386,4.0,1401926400
4,386,3.0,1398124800
122,386,5.0,1398384000
114,387,5.0,1405814400
192,387,4.0,1404432000
118,387,5.0,1404259200
58,387,5.0,1405296000
64,387,5.0,1404518400
172,387,5.0,1405814400
165,387,4.0,1403740800
61,387,3.0,1405382400
225,387,5.0,1405814400
87,388,5.0,1405814400
91,388,4.0,1405814400
114,388,5.0,1405814400
58,388,4.0,1405296000
64,388,5.0,1404518400
116,388,5.0,1405987200
9,388,5.0,1404345600
82,388,5.0,1405814400
225,388,5.0,1405814400
20,389,5.0,1404950400
119,389,5.0,1404259200
27,389,5.0,1405555200
97,389,5.0,1403827200
241,389,5.0,1404691200
84,390,5.0,1397520000
90,390,5.0,1398038400
193,390,5.0,1398124800
18,390,5.0,1397692800
150,390,5.0,1397865600
113,391,4.0,1402963200
237,391,5.0,1403654400
41,391,3.0,1400371200
70,391,4.0,1403136000
93,391,5.0,1403049600
98,391,4.0,1403395200
217,391,5.0,1403049600
19,391,4.0,1400544000
219,391,4.0,1403740800
148,392,4.0,1404259200
45,392,5.0,1404000000
153,392,5.0,1405900800
239,392,4.0,1404172800
43,392,5.0,1404259200
174,392,4.0,1403481600
182,393,5.0,1405209600
30,393,5.0,1405123200
241,393,5.0,1404950400
195,393,5.0,1405296000
18,393,5.0,1404950400
41,394,3.0,1405209600
130,394,5.0,1405814400
131,394,5.0,1403308800
26,394,4.0,1404172800
228,394,5.0,1404604800
127,394,5.0,1404086400
224,394,4.0,1404518400
118,394,5.0,1404777600
203,394,5.0,1405296000
239,394,5.0,1405296000
187,394,5.0,1405641600
229,394,5.0,1405382400
195,394,5.0,1404172800
207,394,5.0,1404086400
2,395,5.0,1404604800
30,395,5.0,1402012800
76,395,5.0,1405814400
119,395,4.0,1402617600
149,395,5.0,1402358400
59,395,5.0,1403913600
97,395,5.0,1402185600
121,395,4.0,1403481600
216,395,5.0,1402272000
182,396,5.0,1402617600
237,396,5.0,1403827200
30,396,5.0,1402012800
241,396,5.0,1402012800
140,396,5.0,1403136000
12,397,5.0,1404259200
41,397,4.0,1404345600
30,397,5.0,1404432000
90,397,5.0,1405296000
20,397,5.0,1404518400
241,397,5.0,1404345600
28,397,5.0,1405555200
232,397,5.0,1405209600
